101回目のプロポーズ (1991) ,0.8950975307970634,1.024429665705963
フレディVSジェイソン Freddy vs. Jason (2003) ,0.9005077687445733,1.020062874660187
スマイル 聖夜の奇跡 (2007) ,0.8879459322620646,1.005094979602672
あしたの、喜多善男～世界一不運な男の、奇跡の11日間～ (2008) ,0.9922926423069722,1.0039808456372334
ホーホケキョ となりの山田くん (1999) ,0.9965106919381811,1.0
007/リビング・デイライツ The Living Daylights (1987) ,0.9935716008569287,0.8333333333333333
おいしい関係 (1996) ,0.9120978721549764,0.6283319185059423
八丁堀の七人7 (2006) ,0.879910466975631,0.508991008991009
時代屋の女房 (2006) ,0.9378698160332685,0.5077254571481419
怪談新耳袋 ノブヒロさん (2006) ,0.9888220802870449,0.50475934551419
あずみ (2003) ,0.8953468067722332,0.3524913263841912
スーパークロス Supercross (2005) ,0.9222275554050027,0.3475202129485234
ずっとあなたが好きだった (1992) ,0.9880285530787076,0.3391019138218689
タクミくんシリーズ そして春風にささやいて (2007) ,0.9053224017403484,0.3384369818343271
禁断の果実 (1994) ,0.9044412376829459,0.3273038844336443
東京タワー～オカンとボクと、時々、オトン～ (2007) ,0.939905523106031,0.2890085272002839
オトコマエ！ (2008) ,0.8885447004407008,0.26964031633632246
ウォンテッド Wanted (2008) ,0.8635666229841651,0.2692910761282034
明日への遺言 (2008) ,0.8953468067722332,0.26891128756649485
恋しくて (2007) ,0.8753112363719777,0.25447944483579943
四月の雪 April Snow (2005) ,0.9856727313622926,0.25398583842264244
こちら本池上署 (2004) ,0.9917936131225714,0.25
大帝の剣 (2007) ,0.9384538620466308,0.21581166237187635
劇場版 仮面ライダーキバ 魔界城の王 (2008) ,0.8900491666680787,0.21309002410291294
砂時計 Sands' Chronicle (2008) ,0.8951081416847088,0.20513142815736465
遠山金志郎美容室 (1994) ,0.9840841415367888,0.20506528299169122
誰にも言えない (1993) ,0.9916869810893757,0.2
Yoshi原作 翼の折れた天使たち (2007) ,0.9221698750470998,0.1856702330299828
ダイヤモンドの恋 (2005) ,0.8998835476674206,0.18056120144534776
恋におちたら～僕の成功の秘密～ (2005) ,0.9136288589542714,0.18046526586620926
フライング☆ラビッツ Flying Rabbits (2008) ,0.9836151773169309,0.1734783364664307
月 The Moon (2000) ,0.9358703771445627,0.16999100711346304
ホームワーク (1992) ,0.9892232078033381,0.16666666666666666
理想の結婚 (1997) ,0.9182891293115731,0.1578636732845235
Sweet Rain 死神の精度 (2008) ,0.8989811303830432,0.15557036199120788
芋たこなんきん (2006) ,0.9223812902556942,0.14898398750803352
生徒諸君！ (2007) ,0.8637069078424964,0.14784724553914402
THE WINDS OF GOD -KAMIKAZE- (2006) ,0.9835652907657926,0.14714629599316761
ブロッコリー (2007) ,0.8828594776568841,0.1432494134380789
どんど晴れ (2007) ,0.9874183535858507,0.14285714285714285
友達の恋人 (1997) ,0.9163448797424326,0.14127317002864895
佐々木夫妻の仁義なき戦い (2008) ,0.9310671075674314,0.14051926577459112
恋は負けない Loser (2000) ,0.9829667269123067,0.1401012136629544
わたしたちの教科書 (2007) ,0.9861296702694455,0.1380952380952381
女帝 (2007) ,0.9133866707401981,0.13170809108256193
I am 日本人 (2006) ,0.9017207783472742,0.1278584898932672
ナニワ金融道6 (2005) ,0.9864523235004177,0.125
打撃天使ルリ (2008) ,0.9282763564683051,0.12330138385918907
築地魚河岸三代目 (2008) ,0.9323398146454617,0.12003194708234233
27歳の夏休み (2005) ,0.8565325463162176,0.11902583251341219
超少女REIKO (1991) ,0.9125621985278081,0.11462468148771535
超劇場版 ケロロ軍曹2 深海のプリンセスであります！ (2007) ,0.9177601955009316,0.11294109319407755
ナニワ金融道5 (2000) ,0.9864523235004177,0.1111111111111111
Yoshi最新作 翼の折れた天使たち (2006) ,0.9221698750470998,0.10573173576000032
ポセイドン Poseidon (2006) ,0.9812230251118927,0.10564274068631233
今週、妻が浮気します (2007) ,0.8740771818714617,0.10336684293828553
憑神(つきがみ) (2007) ,0.9802796789671674,0.10263157894736842
ナニワ金融道4 (1999) ,0.9864523235004177,0.1
ミステリー民俗学者 八雲樹 (2004) ,0.918651856532481,0.09894721538876174
誰かが彼女を愛してる (1992) ,0.8514381907522476,0.09870989131409462
失踪HOLIDAY (2007) ,0.9691182441440689,0.09741645698511148
立つどうぶつ物語 (2005) ,0.9807395145823292,0.09155469095220425
ナニワ金融道3 (1998) ,0.9864523235004177,0.09090909090909091
愛をください (2000) ,0.9219324761147729,0.08656339442259574
私の頭の中の消しゴム アナザーレター (2006) ,0.9286607877063,0.08575027367979612
ビッグウイング Big Wing (2001) ,0.9401902198191098,0.08368423626577537
ナニワ金融道2 (1996) ,0.9864523235004177,0.08333333333333333
イレイザー Eraser (1996) ,0.8977770586069562,0.08320386360561166
セクシーボイスアンドロボ Sexy Voice and Robo (2007) ,0.8830819698805018,0.08127956164608682
ラスベガスをぶっつぶせ 21 (2008) ,0.9796495159947092,0.08081970043216782
トルク Torque (2004) ,0.9097907067748413,0.08040637388463476
THE焼肉MOVIE プルコギ (2007) ,0.9695052337648912,0.07968615412177152
トップセールス Top Sales (2008) ,0.906909976596719,0.07866607192565815
素敵な夜、ボクにください (2007) ,0.9467559259917048,0.07835693503780149
赤い文化住宅の初子 (2007) ,0.8904440847902569,0.07812934208381088
ナニワ金融道 (1996) ,0.9864523235004177,0.07692307692307693
レガッタ～君といた永遠 Regatta (2006) ,0.9466812328954854,0.07669406501630863
演歌の女王 (2007) ,0.9603601551484063,0.07608556389918722
HOTEL (1998) ,0.9783146299848366,0.07599386429173663
新・京都迷宮案内 (2006) ,0.9097907067748413,0.07490574129907374
DEATH NOTE デスノート the Last name (2006) ,0.8895364585570852,0.07331316966999127
鈍獣 (2009) ,0.8903759739864632,0.0727356804035646
ラストプレゼント～娘と生きる最後の夏 (2004) ,0.9733896767163163,0.07237186200324856
永遠の君へ (2004) ,0.9735186653439557,0.07124251705197315
アフタースクール After School (2008) ,0.9319091912093465,0.07033112532208136
ちびまる子ちゃん (2006) ,0.9740129565269272,0.07019704433497537
浅草ふくまる旅館 (2007) ,0.9331353579548459,0.06820017191408151
Ns'(ナース)あおい (2006) ,0.8598969289468597,0.0658595792514827
君と出逢ってから (1996) ,0.9418755857743644,0.06385150882597329
仮面ライダー電王 (2007) ,0.9197419716278286,0.06362233432380962
闘茶 tea fight (2008) ,0.973273249549349,0.06351430955051549
キャッチ ア ウェーブ Catch a Wave (2006) ,0.8703515337139981,0.06351012639401586
この世の果て (1994) ,0.8931192199633134,0.06324297163318597
オトコの子育て (2007) ,0.9842097855784258,0.0625
Ns'(ナース)あおい スペシャル 桜川病院最悪の日 (2006) ,0.8598969289468597,0.062176920569761894
"ベスト・キッド2 The Karate Kid, Part II (1986) ",0.8922333068430979,0.06186508970086848
ONE PIECE ワンピース THE MOVIE エピソード オブ チョッパー プラス 冬に咲く、奇跡の桜 (2008) ,0.9389558451082314,0.06181617256822562
ベスト・キッド4 The Next Karate Kid (1994) ,0.9732592072104294,0.06171588967717006
あんどーなつ (2008) ,0.9420247625088032,0.06137345330893718
僕と彼女と彼女の生きる道 (2004) ,0.8755194865547911,0.060246321587409
口裂け女2 (2008) ,0.8725675896279381,0.0602082193980746
きみにしか聞こえない (2007) ,0.944597964122267,0.06018137035378414
ユモレスク 逆さまの蝶 (2006) ,0.9672730760464849,0.06012646258082769
まじめにふまじめ かいけつゾロリ なぞのお宝大さくせん (2006) ,0.9711471938078452,0.059714795008912656
TOPLESS (2008) ,0.9833224876592513,0.058823529411764705
僕と彼女と彼女の生きる道 スペジャル (2004) ,0.8755194865547911,0.057591105020877005
ウォーターボーイズ WATER BOYS (2003) ,0.8909505226828737,0.056558993295223736
ヒミツの花園 (2007) ,0.8761771346738301,0.05596724651832222
記憶の旅人 The Bumblebee Flies Anyway (1999) ,0.9383602339796333,0.055716875560933826
出口のない海 (2006) ,0.982965526828935,0.05555555555555555
キャプテントキオ Captain Tokio (2007) ,0.9090895977515421,0.054823473392504686
ウォーターボーイズ2005夏スペシャル WATER BOYS 2005夏 (2005) ,0.8909505226828737,0.05416272616549127
警視庁捜査一課9係 (2007) ,0.9642908447405064,0.0540373571720412
87%－私の5年生存率－ (2005) ,0.8533746431969066,0.05261092072825253
特命係長 只野仁 (2005) ,0.9691182441440689,0.05239433686343353
ごくせん (2008) ,0.8909505226828737,0.051982984561894645
天国の階段 (2003) ,0.9713713891175778,0.05190062556642629
特命係長 只野仁 スペシャル (2005) ,0.9691182441440689,0.051271820964672796
瑠璃の島スペシャル2007 (2007) ,0.9275098688547253,0.05068913116364344
特命係長 只野仁 スペシャル'06 Tadano Hitoshi '06 (2006) ,0.9691182441440689,0.05020565386337227
西の魔女が死んだ (2008) ,0.8909505226828737,0.04999153527060727
ラブ マイ ライフ LOVE MY LIFE (2006) ,0.9675904959086774,0.04939024390243903
子ぎつねヘレン (2006) ,0.9143468935728737,0.04918077214060682
夜王～YAOH～ (2006) ,0.8925820713231819,0.04882798972292732
ヤ・ク・ソ・ク (2005) ,0.943663115153221,0.048806546360537176
深紅 The Deep Red (2005) ,0.9456411327689901,0.048505191469263326
トランスフォーマー Transformers (2007) ,0.9094563877522046,0.048490628244134006
ペット・セメタリー Pet Sematary (1989) ,0.9796318891130548,0.047619047619047616
クセノス Xenos (2007) ,0.9104086337607614,0.04753825205429569
ピカ☆☆ンチ LIFE IS HARD だから HAPPY (2004) ,0.9417908218697465,0.04713560637001841
ひだまりスケッチ (2007) ,0.9265235407309147,0.047062573371693145
同窓会 (1993) ,0.9703096342328672,0.046682980988636505
エクステ Exte (2007) ,0.9632569636203654,0.046472115360529476
救命病棟24時 (2005) ,0.9617255159931508,0.04630427370498407
鉄板少女アカネ!! (2006) ,0.9154659832379217,0.04606601284116781
ロト6で3億2千万円当てた男 (2008) ,0.9125955808494611,0.04601369193757912
結婚の理想と現実 (1991) ,0.970228793563003,0.04595464986269584
Mayu -ココロの星- (2007) ,0.9617255159931508,0.04561882402628457
女王の教室 (2005) ,0.9780319998342158,0.045454545454545456
映画ドラえもん のび太の恐竜2006 (2006) ,0.8829473723505686,0.0452031569501449
ママチャリ刑事 (1999) ,0.9312604891861583,0.0451887563009919
アップタウン・ガールズ Uptown Girls (2003) ,0.9169928599136626,0.04482462335473047
ランダム・ハーツ Random Hearts (1999) ,0.8527684666197036,0.0447313965435862
愛、ときどき嘘 (1998) ,0.9699617520568969,0.04455303660315049
奇跡の人 (1998) ,0.8870467002153226,0.04437980720036126
特命係長 只野仁 (2007) ,0.9632923080958703,0.044155277305924626
プリティ・プリンセス The Princess Diaries (2001) ,0.9086391070502771,0.044025931061986205
恋の門 KOI NO MON (2004) ,0.9778493031917466,0.043478260869565216
砂時計 (2007) ,0.9058370562950407,0.04336360512094758
超劇場版 ケロロ軍曹 (2006) ,0.8909499137804843,0.04310427137185285
機神大戦 ギガンティック・フォーミュラ (2007) ,0.8934334961298991,0.042984113344856925
愛人の掟・あなたに逢いたくて (2000) ,0.8849952088634576,0.042161701507093405
プレステージ The Prestige (2006) ,0.9121396763457585,0.04199994352304145
山桜 (2008) ,0.932039347199795,0.04198564720796354
毎度おさわがせします (1985) ,0.9772735258232349,0.041666666666666664
ホームレス中学生 (2008) ,0.9223109793944476,0.04075839794023084
ヒナゴン Hinagon (2005) ,0.90907543870058,0.040506307418072124
おっぱいバレー (2009) ,0.9699459085087674,0.04010111303174817
フリー・ウィリー Free Willy (1993) ,0.9696354902363454,0.04005065368754243
一番大切な人は誰ですか？ (2004) ,0.9748584952189238,0.04
将太の寿司 (1996) ,0.9077589184940409,0.03963974987827425
スローダンス Slow Dance (2005) ,0.9179486053820215,0.03957779661413024
キャプテン Captain (2007) ,0.8987138395654397,0.03919795105976448
東京タワー～オカンとボクと、時々、オトン～ (2006) ,0.9179486053820215,0.03886419715886073
おせん (2008) ,0.9748064302189574,0.038461538461538464
逃亡者 RUNAWAY (2004) ,0.8959567484973234,0.03839576219965634
トゥルー・クライム True Crime (1999) ,0.9695070307892324,0.03835023682247816
ハイ！ハイ！パフィー・アミユミ Hi Hi Puffy AmiYumi (2004) ,0.8685503556691113,0.03817739216898881
花より男子2(リターンズ) (2007) ,0.8660751768049131,0.03790961500782328
007/オクトパシー Octopussy (1983) ,0.8924484892842179,0.037523690282300196
新・はんなり菊太郎 ～京・公事宿(くじやど)事件帳～ (2007) ,0.9469819302863555,0.03749787004131823
真夜中の雨 (2002) ,0.9263689036855215,0.037156364620469735
ちびまる子ちゃん (1990) ,0.9740129565269272,0.037037037037037035
ナイト ミュージアム Night at the Museum (2006) ,0.8524020802569736,0.036482453913172695
不機嫌なジーン (2005) ,0.922361698106425,0.036383715839640396
ウェイトレス～おいしい人生のつくりかた Waitress (2007) ,0.8922838780515204,0.036251849695463516
サラリーマン金太郎 (1999) ,0.9092674425314641,0.036245149850897496
お水の花道 ～女30歳ガケップチ～ (1999) ,0.9475805951950013,0.03617756115629697
ガリレオ Galileo (2007) ,0.9381739871869477,0.03588407605975988
そのときは彼によろしく (2007) ,0.9021216889482132,0.03541576269398701
劇場版 NARUTO-ナルト- 大活劇！雪姫忍法帖だってばよ！！ (2004) ,0.9072743337787851,0.03534461954536304
天使の卵 The Angel's Egg (2006) ,0.9651027398429518,0.03481005348140099
大安に仏滅！？ (1998) ,0.9072743337787851,0.03465642813811623
オンリー・ユー愛されて (1996) ,0.8662716271410889,0.034455928183153836
3年B組金八先生 第1シリーズ (1979) ,0.9650146053623393,0.03441295294047281
天使の梯子 (2006) ,0.9651027398429518,0.034307285992037556
叫 (2007) ,0.9391278691234888,0.03412938383637492
渋谷区円山町 (2007) ,0.8674475397912634,0.03408962101318782
映画ドラえもん のび太の新魔界大冒険～7人の魔法使い～ (2007) ,0.9001541582660696,0.03400187849825438
柳生十兵衛七番勝負～最後の闘い～ (2007) ,0.9041913923839622,0.03361142554926151
まるまるちびまる子ちゃん (2007) ,0.9740129565269272,0.03333333333333333
キスより簡単 (1987) ,0.9217177186048829,0.033112727613653706
ひゃくはち (2008) ,0.9526843814644472,0.03293956423653926
バタフライ・エフェクト The Butterfly Effect (2004) ,0.8604432149949912,0.032904186372394464
愛という名のもとに (1992) ,0.928618777999552,0.03288151645581319
お見合い放浪記 (2002) ,0.9526213247383306,0.032783234325794275
かるたクイーン (2003) ,0.9526213247383306,0.03245565247936304
劇場版ポケットモンスター/アドバンスジェネレーション ミュウと波導の勇者ルカリオ (2005) ,0.9127238084452901,0.03229295513341081
花ざかりの君たちへ～イケメン♂パラダイス～ (2007) ,0.9734753579237633,0.03225806451612903
赤ちゃんをさがせ (2003) ,0.9526213247383306,0.032134850329350303
サラリーマン金太郎4 (2004) ,0.8567456038379512,0.03205174554318857
ノット・ア・ガール Crossroads (2002) ,0.9675467304919084,0.03189888673656889
よい子の味方 新米保育士物語 (2003) ,0.8691660977048787,0.03166744601845683
ぼくらの七日間戦争 (1988) ,0.9728639281496257,0.03125
図鑑に載ってない虫 (2007) ,0.9333512587280763,0.031117372708321787
マイ・ガール My Girl (1991) ,0.9610811864625398,0.031100598026765323
すてきにコモン！ (2006) ,0.9672516606955306,0.030950499831912785
ウソコイ (2001) ,0.9168856273644026,0.030809267154165813
パーフェクト・ストレンジャー Perfect Stranger (2007) ,0.9159585892060534,0.03071174873227684
ラブ ジェネレーション Love Generation (1997) ,0.9131908937847676,0.03070359342083941
菊次郎とさき (2005) ,0.9622997376565567,0.030641081252872134
ウルトラマンメビウス (2006) ,0.9665552144021895,0.0304417942165594
おそるべしっっ!!!音無可憐さん (1998) ,0.9655955302509461,0.030091142467032195
踊る大捜査線 THE MOVIE 湾岸署史上最悪の3日間！ (1998) ,0.9426258396375106,0.02980575684380032
働きマン (2006) ,0.9666391579685694,0.02966174331951062
きらきら研修医 (2007) ,0.8620214087813365,0.02963278239310618
踊る大捜査線「歳末特別警戒スペシャル」 (1997) ,0.9426258396375106,0.029345670655142216
ワンダフルライフ Wonderful Life (2004) ,0.965718791697653,0.029340580924698555
ふぞろいの林檎たち (1983) ,0.9061461179534783,0.028958415621355413
踊る大捜査線 (1997) ,0.9426258396375106,0.028902911021665374
デトロイト・メタル・シティ Detroit Metal City (2008) ,0.9277629786533305,0.028883569862425008
雲のむこう、約束の場所 (2004) ,0.9679538307879308,0.028867146102248664
コドモのコドモ (2008) ,0.8904637600599128,0.028695538139073395
シュリ Shuri (1999) ,0.9704081499099735,0.02857142857142857
暖流 (2007) ,0.9536747846078868,0.02855270548586407
踊る大捜査線「湾岸署婦警物語 初夏の交通安全スペシャル」 (1998) ,0.9426258396375106,0.028476472813811406
ふぞろいの林檎たちII (1985) ,0.9061461179534783,0.028370634454321815
アコークロー Aco Crow (2007) ,0.9369844402230442,0.028305078135755363
踊る大捜査線「秋の犯罪撲滅運動スペシャル」 (1998) ,0.9426258396375106,0.028065427951761004
別れさせ屋 (2001) ,0.9504907668147875,0.02797339593114241
ふぞろいの林檎たちIII (1991) ,0.9061461179534783,0.027809885692677085
ランチの女王 (2002) ,0.9178331195173254,0.027793948269522264
霊感バスガイド事件簿 (2004) ,0.9703626131753732,0.027777777777777776
絶対彼氏～完全無欠の恋人ロボット (2008) ,0.931057145574864,0.027711492490292984
ふぞろいの林檎たちIV (1997) ,0.9061461179534783,0.027274327623347406
トゥルーライズ True Lies (1994) ,0.9656568183497742,0.027242280505698258
3年B組金八先生 第4シリーズ (1995) ,0.8518623883025764,0.027199116448480633
耳をすませば (1995) ,0.9034039517553357,0.027128976947990092
HERO (2001) ,0.9701214843505491,0.02702702702702703
学校の階段 (2007) ,0.8518623883025764,0.026888460216257907
ミッドナイト イーグル Midnight Eagle (2007) ,0.9006732986559759,0.026838845137461573
最高の片想い (1995) ,0.9211548402183714,0.026802800559476127
テイキング・ライブス Taking Lives (2004) ,0.8874518803116432,0.02665636381752907
リンダ リンダ リンダ Linda Linda Linda (2005) ,0.9182052441048342,0.026564085852973505
笑う大天使(ミカエル) (2006) ,0.8769355041814048,0.02648679553727785
やんちゃくれ (1998) ,0.8909435606953942,0.02647118293314013
ルーキー！ (2001) ,0.968287883156095,0.02631578947368421
ナツコイ Natsukoi (2008) ,0.9406180641545059,0.026292670901231083
白鳥麗子でございます！ (1995) ,0.9652703459875732,0.026227733460684594
木更津キャッツアイ 日本シリーズ Kisarazu Cat's Eye: Nihon Series (2003) ,0.9237814630804161,0.02601992278246376
瑠璃の島 (2005) ,0.9275098688547253,0.025874093977542253
怨み屋本舗 (2006) ,0.9566852305937422,0.02586389891486186
温泉へ行こう Let's go ONSEN (1999) ,0.9157436983233548,0.02580627708173089
アルマゲドン Armageddon (1998) ,0.9019930293938052,0.02579675420100952
木更津キャッツアイ Kisarazu Cat's Eye (2002) ,0.9237814630804161,0.025742312842338733
ライフ Life (2007) ,0.9433978287574383,0.025679411206545263
乱歩R (2004) ,0.9647737704667723,0.025648291849558615
007/ダイ・アナザー・デイ Die Another Day (2002) ,0.9679450418589313,0.02564102564102564
アルゼンチンババア (2007) ,0.8939283424155707,0.025545733714632847
救命病棟24時 (1999) ,0.9619636410698403,0.025509590425880812
ファースト・キス First Kiss (2007) ,0.9390834048231187,0.024984301048365357
デジモンフロンティア オニスモン古代デジモン復活！！ (2002) ,0.9506618612094155,0.02488677338044201
ピュア・ラブ III Pure Love III (2003) ,0.9621889035922223,0.02487291212781409
その男、副署長～京都河原町署事件ファイル2 (2008) ,0.9098734601334543,0.024773297171695262
ヱヴァンゲリヲン新劇場版：序 Evangelion: 1.0 You Are (Not) Alone (2007) ,0.9176145147102658,0.024565756239868876
アイシールド21 Eye Shield 21 (2005) ,0.8556873649790021,0.024502965601319367
ネガティブハッピー・チェーンソーエッヂ Negative Happy Chainsaw Edge (2008) ,0.8556873649790021,0.024286045344186394
電車男 (2005) ,0.9119259438060348,0.024197182714460513
腑抜けども、悲しみの愛を見せろ (2007) ,0.9554529413256656,0.02410112438466731
スタートライン～涙のスプリンター～ Startline (2005) ,0.9299655117730439,0.024032527753913898
電車男DELUXE～最後の聖戦～ (2006) ,0.9119259438060348,0.023837958790867614
守護神 The Guardian (2006) ,0.9671650033435485,0.023809523809523808
"フライ，ダディ，フライ FLY, DADDY, FLY (2005) ",0.9019038880796069,0.023671431573268797
F [エフ] (1998) ,0.9016769860406415,0.023635113702208926
007/007は二度死ぬ You Only Live Twice (1967) ,0.9198141304647377,0.0236320826702828
CHANGE (2008) ,0.8782125154603906,0.023528238663018702
農家のヨメになりたい (2004) ,0.8936507144202489,0.023374253547684104
スウとのんのん (2005) ,0.9493958615504094,0.023291122029202586
亀は意外と速く泳ぐ (2005) ,0.9171110137526703,0.023259665089046387
美しい罠 (2006) ,0.9669862786046155,0.023255813953488372
ラブ★コン Lovely Complex (2006) ,0.8811964109658408,0.023032317821407706
Happyダーツ Happy Darts (2008) ,0.9292527544364879,0.02292004542345213
007/黄金銃を持つ男 The Man with the Golden Gun (1974) ,0.9279558849829225,0.022881077933755434
甘辛しゃん (1997) ,0.9266530850612851,0.022797032317732332
大人のキス (1993) ,0.9666807086437758,0.022727272727272728
リミット もしも、わが子が… (2000) ,0.9435567642288671,0.022715589524027014
ぼくたちと駐在さんの700日戦争 (2008) ,0.8781885259567755,0.0227108201390611
すずがくれた音 (2004) ,0.8633823844725081,0.02268683197652045
アリー・myラブ Ally McBeal (1997) ,0.8713629515137173,0.022630131542027605
南くんの恋人 (2004) ,0.8954664829691532,0.022611764109779012
パッチギ！LOVE&PEACE Pacchigi! LOVE&PEACE (2007) ,0.944441306074978,0.022567684335150443
ヤマトタケル (1994) ,0.8533534496845211,0.02242002788615136
嫁はミツボシ。 (2001) ,0.9438737769678655,0.022387607255648097
君といた夏 (1994) ,0.9606934178425244,0.022353138709496914
ことぶきウォーズ (2004) ,0.9136365965883558,0.022317857635507723
少林少女 Shaolin Girl (2008) ,0.9033509022706949,0.022242047368359066
ルームシェアの女 (2005) ,0.966443271384255,0.022222222222222223
ベロニカは死ぬことにした (2006) ,0.8947505335839286,0.022185305248523555
新･夜逃げ屋本舗 (2003) ,0.9418172439643174,0.0220143176025529
マイ★ボス マイ★ヒーロー (2006) ,0.8538415686389447,0.021928348723546136
ナッシング・トゥ・ルーズ Nothing to Lose (1997) ,0.9245222541363682,0.0219180541408588
フレンズ Friends (2002) ,0.9542717939506026,0.02190418285849937
かいけつゾロリ (2004) ,0.9064392725313831,0.021796352445848245
医龍～Team Medical Dragon2～ (2007) ,0.9542717939506026,0.02174908828740583
ハンコック Hancock (2008) ,0.9657629560209786,0.021739130434782608
20世紀少年 第一章 終わりの始まり Twentieth Century Boys (2008) ,0.8862774813774876,0.021712688250659584
特命係長 只野仁 スペシャル'08 Tadano Hitoshi '08 (2008) ,0.9632923080958703,0.02160873284036959
劇場版ポケットモンスター/ダイヤモンド＆パール ギラティナと氷空(そら)の花束 シェイミ (2008) ,0.9542717939506026,0.021596478103238736
バツ彼 (2004) ,0.9496203601230916,0.021560657324843822
略奪愛・アブない女 (1998) ,0.9159183541064857,0.021479828626199002
青い鳥 (1997) ,0.9594984282969717,0.021471050010659742
DEATH NOTE デスノート (2006) ,0.9627465590925107,0.021394223628886464
ひとりぼっちの君に (1998) ,0.9654925338335604,0.02127659574468085
ヒッチャー The Hitcher (2007) ,0.8597457161570486,0.02127655862968403
熟年離婚 (2005) ,0.8737370303778135,0.021275328753176424
大好き！五つ子6 (2004) ,0.9002872759965308,0.021230868452728754
殴る女 (1998) ,0.8556523130751873,0.021090087432141226
ブリジット・ジョーンズの日記 きれそうなわたしの12か月 Bridget Jones: The Edge of Reason (2004) ,0.9612146772301333,0.021023085851255924
ソウ2 Saw II (2005) ,0.9654178881190152,0.020833333333333332
がんばっていきまっしょい (2005) ,0.9413256077459259,0.020818657998866293
LIMIT OF LOVE 海猿 LIMIT OF LOVE UMIZARU (2006) ,0.8638513017453887,0.020766513443819346
冗談じゃない！ Jodan ja nai! (2007) ,0.9350038168216843,0.020757801372636872
世界の中心で、愛をさけぶ (2004) ,0.9267321512975573,0.02075359319693702
ベスト・キッド The Karate Kid (1984) ,0.9501072508495978,0.02073670177122872
半落ち (2004) ,0.9613165474961755,0.020679993290996877
セカンド・チャンス (1995) ,0.9247778271750966,0.02065115049269979
えいがでとーじょー！たまごっち ドキドキ！うちゅーのまいごっち！？ (2007) ,0.8785346127401779,0.020626888747394143
ゾイド新世紀/ゼロ (2001) ,0.9492561998424782,0.020605994263604797
スカイハイ2 Sky High2 (2004) ,0.959240460386149,0.02054154852701871
彼女の嫌いな彼女 (1993) ,0.8917526689059689,0.020533499456259294
ゼブラーマン Zebraman (2004) ,0.9186667979098332,0.02051237999589145
新宿暴走救急隊 (2000) ,0.964898282657503,0.02040816326530612
天国の本屋～恋火 (2004) ,0.8500948040096126,0.02016520370446216
病院へ行こう！ (2006) ,0.9620522837319643,0.02
恋の時間 (2005) ,0.9411126705068492,0.01995276623660617
CAとお呼びっ！ (2006) ,0.9005990669354422,0.019901816941540997
東京フレンズ The Movie Tokyo Friends The Movie (2006) ,0.875279299255603,0.019837160405093538
温泉へ行こう3 Let's go ONSEN 3 (2002) ,0.8679932336926286,0.019750480625593102
ゴースト～天国からのささやき Ghost Whisperer (2006) ,0.925189775956476,0.019708514272351336
幸せのちから The Pursuit of Happyness (2006) ,0.9358690253056267,0.019704911667637354
特急田中3号 (2007) ,0.8973212520365806,0.019691676525797307
パンダが町にやってくる (2008) ,0.9102762180261972,0.01966030414098506
大奥 第一章 (2004) ,0.9619283084412223,0.0196078431372549
走れ公務員！ Police Woman (1998) ,0.856799425246493,0.019579773840751703
ゲット スマート Get Smart (2008) ,0.8754885110876225,0.019481833509406406
バスストップ Bus Stop (2000) ,0.8899539718152001,0.01940861010226155
いぬのえいが (2005) ,0.9049787337425488,0.019407529030289958
放郷物語 THROES OUT MY HOMETOWN (2006) ,0.8697040209330281,0.019366415733821963
犬夜叉 紅蓮の蓬莱島(ぐれんのほうらいじま) (2004) ,0.9468268201945398,0.01933964669261221
名探偵コナン 探偵たちの鎮魂歌(レクイエム) (2006) ,0.9067965078973826,0.019312891409665602
新・科捜研の女4 (2008) ,0.9241015419469317,0.01930833254411949
ハンサム★スーツ Handsome Suits (2008) ,0.859019386670567,0.019254985420209057
大奥～第一章～スペシャル (2005) ,0.9619283084412223,0.019230769230769232
ブラザーズ Brothers (1998) ,0.8607410440054213,0.019228224240449752
俺達に気を付けろ (1996) ,0.8613379489842575,0.019223621495251596
最‘新’絶叫計画 Scary Movie 2 (2001) ,0.928045919628326,0.018995117635664208
キム・ポッシブル Kim Possible (2002) ,0.9611573595537926,0.018867924528301886
アルファ・ドッグ 破滅へのカウントダウン Alpha Dog (2006) ,0.8633082437442524,0.01884475000666013
タッチ Touch (2005) ,0.9059604332385321,0.018761911984803554
SOUL TRAIN ソウルトレイン (2006) ,0.9098438746721331,0.018717011354640947
フルハウス Full House (1987) ,0.8589066967673823,0.018700373584627124
時をかける少女 (2006) ,0.8808355148053177,0.01861836862766577
ROOKIES-卒業- (2009) ,0.9561888041450942,0.018604996792801493
怪奇大作戦 セカンドファイル (2007) ,0.9012713088204205,0.018599945271686708
ジャンパー Jumper (2008) ,0.9537301023133825,0.018575091995401527
奇跡のシンフォニー August Rush (2007) ,0.955936551923766,0.018549869173329667
サイコドクター (2002) ,0.9598735648733314,0.018518518518518517
パパとなっちゃん (1991) ,0.854990999227155,0.018454927919521805
家族善哉 (2006) ,0.86393916365216,0.018450141307264908
パタパタ飛行船の冒険 (2001) ,0.8581052338795193,0.018445185226339735
お仕事です！ (1998) ,0.8596833891695261,0.018425891565254062
妄想少女オタク系 (2007) ,0.8592167747292621,0.01839826946916795
プロポーズ大作戦 Operation Love (2007) ,0.9332665171046199,0.01835669210631451
京都地検の女 (2003) ,0.9011358535766673,0.018224254822538852
新･京都迷宮案内 (2003) ,0.9183639812515805,0.018196487508588766
末っ子長男姉三人 (2003) ,0.9547038613955057,0.018183317910342965
絶対恐怖 Pray プレイ (2005) ,0.9597763259261015,0.01818181818181818
あすなろ白書 (1993) ,0.8899654578995557,0.018133165876861018
ネバーエンディング・ストーリー The NeverEnding Story (Die Unendliche Geschichte) (1984) ,0.909000347065177,0.01812307142333225
魔女の条件 (1999) ,0.9011773938864028,0.018112075400937372
29歳のクリスマス (1994) ,0.8862905012217207,0.018058188603580532
クロスファイア Cross Fire (2000) ,0.8795549529351108,0.018039920364725702
蒼井優×4つの嘘 カムフラージュ (2008) ,0.892424490584243,0.0180294592185996
Yes！プリキュア5 (2007) ,0.8603125845956685,0.018022459363199073
無理な恋愛 (2008) ,0.8810432047261141,0.018003916646206097
007/死ぬのは奴らだ Live and Let Die (1973) ,0.909000347065177,0.01794373851530213
ロングバケーション Long Vacation (1996) ,0.958714054337666,0.017857142857142856
デッサン (1997) ,0.9331815880575789,0.01783803543246679
ALWAYS 続・三丁目の夕日 (2007) ,0.9689747302307034,0.017832587639812596
NHKスペシャル シリーズ「同時3点ドキュメント」 (2006) ,0.8677670229782938,0.01779359180930197
謎のホームページ サラリーマンNEO (2006) ,0.9012045881568945,0.017740171118156477
インサイド・マン Inside Man (2006) ,0.9564630388882956,0.017723857751568806
ダンス・レボリューション Honey (2003) ,0.9593240550676981,0.01772215021447514
舞妓さんは名探偵！ (1999) ,0.8961770735931132,0.017643288794674073
ダンドリ。～Dance☆Drill～ (2006) ,0.884480906508183,0.017613680092848583
サラリーマン金太郎2 (2000) ,0.9117411676897401,0.017569382707967384
WITH LOVE (1998) ,0.958362580666774,0.017543859649122806
L change the WorLd (2008) ,0.8751153600845653,0.017495005074051252
青春★ENERGY ダンドリ娘 (2006) ,0.884480906508183,0.017481996025694245
ホテリアー Hotelier (2007) ,0.9304174617965234,0.017467581998474445
パーフェクトラブ！ Perfect Love! (1999) ,0.8836097985726256,0.01741598339342483
いま、会いにゆきます (2005) ,0.9117411676897401,0.01740964588425628
げんしけん2 (2007) ,0.9026123493646776,0.01736684716063949
金曜日の恋人たちへ (2000) ,0.9597681081840358,0.017364578413276006
猫の恩返し (2002) ,0.9391278691234888,0.017288401253918492
幸福(しあわせ)のスイッチ (2006) ,0.9329341225921047,0.017278065708755657
警視庁捜査ファイル～さくら署の女たち (2007) ,0.9582871348196966,0.017241379310344827
愛の流刑地 (2007) ,0.9113042513067651,0.017171990364159853
百鬼夜行抄 (2007) ,0.9102293292846804,0.017161275102609206
ショコラの見た世界 (2007) ,0.9596274205073789,0.017157642458801185
よい子の味方 (2004) ,0.878750368603445,0.017001993559788126
ユビサキから世界を (2006) ,0.956938425685733,0.01694915254237288
よいこの味方 (2004) ,0.878750368603445,0.016932539408135248
サトラレ (2002) ,0.9559889122135782,0.01692256859003168
ラスト・ブラッド Blood: The Last Vampire (2009) ,0.8812678916842632,0.016914596227676614
結婚できない男 (2006) ,0.878317197776374,0.016902901205929327
パズル Puzzle (2007) ,0.9276067406961797,0.016877937615724255
007/カジノ・ロワイヤル Casino Royale (2006) ,0.8632008284828718,0.01687186671564281
劇場版 『BLEACH ブリーチ』 MEMORIES OF NOBODY (2006) ,0.9546591777117464,0.016862966637927912
ほたるの星 (2004) ,0.8519275070339944,0.01684701431919542
サイドカーに犬 (2007) ,0.9585129329919865,0.016772859945549515
白線流し (1996) ,0.8592977904431011,0.01668067048261892
イズ・エー [is A.] (2004) ,0.9205030746489652,0.016675431613368978
金色の翼 (2007) ,0.9565793675197543,0.016666666666666666
上海タイフーン (2008) ,0.9550852367885196,0.016665169963421635
山田太郎ものがたり (2007) ,0.8707570238361213,0.016661429817154894
ラ・ブーム La Boum (1981) ,0.8774635525294413,0.016602735595984693
白線流し 19の春 (1997) ,0.8592977904431011,0.016594994819199387
ブラザー☆ビート Brother Beat (2005) ,0.9487872418092409,0.016567119799879324
妻の卒業式 (2004) ,0.8673372158768279,0.016557132565010572
白線流し 二十歳の風 (1999) ,0.8592977904431011,0.01651032771320458
ピカ☆ンチ LIFE IS HARD だけど HAPPY (2002) ,0.9458511822898401,0.01649067549060398
ダブル・キッチン Double Kitchen (1993) ,0.9557886316704938,0.01647926021773407
Antique(アンティーク)～西洋骨董洋菓子店～ (2001) ,0.9122487589863595,0.016436730910415122
白線流し 旅立ちの詩(うた) (2001) ,0.8592977904431011,0.01642664991296352
モナリザ Mona Lisa (1986) ,0.9527253254577153,0.016393650587494025
西遊記 (1993) ,0.9560249174738336,0.01639344262295082
十年愛 (1992) ,0.9558390827841639,0.016389036059711044
ADブギ (1991) ,0.8667006629453636,0.016382529105991514
白線流し ～二十五歳 (2003) ,0.8592977904431011,0.016343942677532388
笑顔の法則 (2003) ,0.9492833374021931,0.016343834855474082
犬夜叉 鏡の中の夢幻城 (2002) ,0.940994966986393,0.016298487547496972
めぞん一刻 (1986) ,0.9023098831055587,0.016281680149654303
白線流し ～夢見る頃を過ぎても (2005) ,0.8592977904431011,0.016262187759404714
僕の歩く道 (2006) ,0.9558390827841639,0.016261708548423542
ゲゲゲの鬼太郎 千年呪い歌 (2008) ,0.9062957578943389,0.016260505907467453
奈緒子 Naoko (2008) ,0.9186233598657666,0.016252755063447973
風のハルカ (2005) ,0.9514871982546613,0.016221428748648434
成田離婚 (1997) ,0.945202480723268,0.016220659907665243
明日があるさ (2001) ,0.938752789617548,0.016218492573710906
3年B組金八先生 第2シリーズ (1980) ,0.8795527271360536,0.016194975059112063
STAND UP!! (2003) ,0.8641293364014528,0.016192976195485705
7人の女弁護士 (2006) ,0.8568471713966979,0.016159919386601204
刑事の現場 (2008) ,0.9558390827841639,0.016136908536155972
予言 (2004) ,0.9555739815744971,0.016129032258064516
明日があるさ スペシャル (2002) ,0.938752789617548,0.016125060861013826
バックダンサーズ！ Back Dancers! (2006) ,0.9072256087629235,0.01612339875242303
戦国自衛隊1549 (2005) ,0.884921923649245,0.01608506662145574
劇場版 NARUTO-ナルト- 疾風伝 絆 (2008) ,0.8848118771846069,0.01608229157839604
ミスター・ルーキー Mr. Rookie (2002) ,0.9563175938741306,0.01607457484169813
ガチ☆ボーイ (2008) ,0.8729828668046737,0.016058762734525445
オーバータイム OVER TIME (1999) ,0.9187295633792024,0.016017778439633267
ナースマンがゆく (2004) ,0.874716832523145,0.016003755782281723
ラストラブ Last Love (2007) ,0.8849303360582277,0.015962310358896108
あなたの隣に誰かいる (2003) ,0.8955528249288786,0.01593349844023674
ピュア Pure (1996) ,0.917017829796948,0.015920932874517006
王様のレストラン (1995) ,0.8611863219674284,0.015890650785154118
魔弾戦記リュウケンドー (2006) ,0.9555354854415254,0.015873015873015872
離婚弁護士 (2004) ,0.8615271558646751,0.015870154977379813
マイ・ガール2 My Girl 2 (1994) ,0.9610811864625398,0.01586074267927596
笑う三人姉妹 (2005) ,0.869663759703129,0.015857836145282356
薔薇のない花屋 (2008) ,0.8697053311545937,0.01583889307544973
プリティガール (2002) ,0.8576939499278476,0.015834094727156627
人生は上々だ (1995) ,0.9583937587364733,0.015764184774264167
Days (1998) ,0.8671201342796369,0.015748188769223386
女刑事みずき～京都洛西署物語 (2005) ,0.8577644995716421,0.015736306994462324
ブラック・キャット BLACK CAT (2005) ,0.9551201963793815,0.015625
魂萌え！ (2007) ,0.9479977277747338,0.015571538328076475
あした元気にな～れ！ ～半分のさつまいも～ (2005) ,0.8882735046651881,0.015543243240396798
美女か野獣 Beauty or Beast (2003) ,0.8655596548491526,0.015534906579043233
週刊 赤川次郎 (2007) ,0.9018035969875174,0.015471521318796661
CSI:ニューヨーク CSI: NY (2004) ,0.9173640953175396,0.015470638643619002
ラフ Rough (2006) ,0.8812664330417812,0.01543608437991319
映画ドラえもん のび太と緑の巨人伝 (2008) ,0.9544688627629331,0.015421902792875211
ショムニ2 (2000) ,0.9543312954146136,0.015384615384615385
デビルマン DEVILMAN (2004) ,0.9064104194763686,0.015333316613826909
菊次郎とさき (2007) ,0.8712740326877049,0.015330842277002873
スターダスト Stardust (2007) ,0.9062185351793339,0.015325846073353815
医龍～Team Medical Dragon～ (2006) ,0.9004809193333455,0.0151530034648118
ビー・バップ・ハイスクール BE-BOP-HIGHSCHOOL (2004) ,0.9528489904938028,0.015151515151515152
あいのうた (2005) ,0.9219165279641488,0.015135320793461426
ジョシデカ！－女子刑事－ (2007) ,0.8644701067314018,0.015096016899579755
すいか (2003) ,0.9519323061616515,0.015086378009282366
ヤッターマン Yatter Man (2009) ,0.9004809193333455,0.015081470253884045
パパとムスメの7日間 (2007) ,0.8692708714625895,0.015079224305882481
ちゅらさん (2001) ,0.9189599091217544,0.015071545820532628
鉄コン筋クリート Tekkon Kinkreet (2006) ,0.88002258253569,0.015048987198965526
お父さんのバックドロップ Backdrop PaPa (2004) ,0.9343910965457388,0.014996020529386634
南くんの恋人 (1994) ,0.954342007908456,0.014968454484583517
大奥～華の乱～ (2005) ,0.8812410146748292,0.014966069158525254
恋空 koizora (2007) ,0.8919096895122429,0.014926509858690776
ビー・バップ・ハイスクール2 一触即発全面抗争 BE-BOP-HIGHSCHOOL2 (2005) ,0.9528489904938028,0.014925373134328358
ドリーム☆アゲイン Dream Again (2007) ,0.9554935337927263,0.014923443471387292
オヤジ探偵2 (2002) ,0.9290339460956937,0.014908314129543921
大奥～華の乱～スペシャル (2005) ,0.8812410146748292,0.014896981503152102
独身3!! (どくしんさん) (2003) ,0.866493167463336,0.01488080186820603
奥さまは魔女 Bewitched in Tokyo (2004) ,0.856522151023287,0.014872437683340758
ママの遺伝子 (2002) ,0.9306458417569798,0.01484827264239029
奥さまは魔女リターンズ Bewitched in Tokyo (2004) ,0.856522151023287,0.01482283632057537
下妻物語 Kamikaze Girls (2004) ,0.8932947410129227,0.014822642488710432
キューティーハニー Cutie Honey (2004) ,0.8650296260488256,0.014795428963699678
森のリトル・ギャング Over the Hedge (2006) ,0.9494573587207389,0.014793548643937119
コード・ブルー～ドクターヘリ緊急救命～ Code Blue (2008) ,0.8963076205463557,0.014790135800658993
サイコメトラーEIJI 2 (1999) ,0.8515540489690854,0.014748196950333655
キューティーハニー THE LIVE (2007) ,0.8650296260488256,0.01474782958727438
ビルと動物園 (2008) ,0.9514391565150732,0.014705882352941176
恋のバカンス (1997) ,0.8572284796973326,0.014666781544868928
みんな昔は子供だった (2005) ,0.8645638664209641,0.014663944389306046
君の手がささやいている (1997) ,0.9525672765265123,0.014657942155828569
春ランマン (2002) ,0.8999543211790932,0.01465205974620984
最後の恋、初めての恋 (2003) ,0.9545531856620677,0.014632674794721887
ゴーストバスターズ Ghostbusters (1984) ,0.8509063669247032,0.014630456078285708
やまとなでしこ (2000) ,0.8572284796973326,0.014597805478961983
この胸いっぱいの愛を (2005) ,0.8570238273014383,0.014594767810082863
シンデレラ III 戻された時計の針 Cinderella III: A Twist in Time (2007) ,0.8585173215726645,0.014582355631514497
9時から5時まで Nine to Five (1980) ,0.8555305660384296,0.014563351379690314
死の標的 Marked for Death (1990) ,0.8951025797756375,0.014546678394647758
家族～妻の不在・夫の存在～ (2006) ,0.8572284796973326,0.014529546125494038
フレフレ少女 Fure Fure Girl (2008) ,0.8790367974198475,0.014523833206614057
Life 天国で君に逢えたら (2007) ,0.9172646054562738,0.014513944483671725
虹のかなた (2004) ,0.9394943511614597,0.014502310099868786
6デイズ/7ナイツ Six Days Seven Nights (1998) ,0.9509421789836492,0.014492753623188406
櫻の園-さくらのその- (2008) ,0.9093774122444448,0.014485102882063866
トゥルーラブ True Love (2006) ,0.86167005961098,0.01447840049298538
恋空 koizora (2008) ,0.9401708081177413,0.01445843603093679
エジソンの母 (2008) ,0.88990431884545,0.014442971006947618
トワイライトシンドローム デッドゴーランド Twilight Syndrome (2008) ,0.8837945686180619,0.01441137623835625
松本清張スペシャル「指」 (2006) ,0.9213616461912714,0.0143625274331593
劇場版 NARUTO-ナルト- 大興奮！みかづき島のアニマル騒動(パニック)だってばよ (2006) ,0.8951681111636405,0.014362024804534648
"キューティ・ブロンド/ハッピーMAX (キューティ・ブロンド2) Legally Blonde 2: Red, White & Blonde (2003) ",0.9067807928291609,0.014359037579103536
神様のパズル (2008) ,0.8615498988928146,0.014339831391618136
アンフェア the movie Unfair The Movie (2007) ,0.8762280647860721,0.014323150994131648
スティーヴィー Stevie (2002) ,0.918033535221856,0.014314554619209432
スミレ16歳!! (2008) ,0.8722605067406486,0.014311888160677856
役者魂！ (2006) ,0.9153675540212214,0.014294378345130226
グーニーズ The Goonies (1985) ,0.950516985200169,0.014285714285714285
転校生 さよなら あなた (2007) ,0.8591502655175821,0.014258991892654196
ワースト☆コンタクト (2005) ,0.9021507886454784,0.014221612603360504
広島・昭和20年8月6日 (2005) ,0.9378237958277186,0.014174801983882056
天然コケッコー (2007) ,0.8515895052958313,0.014158713891303904
涙そうそう～この愛に生きて～ (2005) ,0.9378237958277186,0.014105234957999781
1リットルの涙 (2004) ,0.9409668279144267,0.014081622028695374
涙そうそう (2006) ,0.9378237958277186,0.014036465552111537
天使のお仕事 (1999) ,0.9454538685417374,0.014013534937087884
ルーキーズ ROOKIES (2008) ,0.949384755087854,0.014006680907181211
太閤記～天下を獲った男・秀吉 (2006) ,0.8610591837507654,0.014006003717482323
恋は戦い！ LOVE&FIGHT (2003) ,0.9280537847842537,0.0140035864732297
名探偵コナン 14番目の標的 (1998) ,0.9325358309043207,0.013985606625394584
FACE～見知らぬ恋人～ (2001) ,0.937582810559463,0.01397622161567428
ローラーボール Rollerball (2002) ,0.9341923676035223,0.01396594649398791
それが答えだ！ That's The Answer! (1996) ,0.8987568588838255,0.013962627958064647
ブスの瞳に恋してる (2006) ,0.8711830863098577,0.013924790139700072
プリティ・ウーマン Pretty Woman (1990) ,0.9123302466387878,0.013917162642699496
きらきらひかる (1998) ,0.9519735843223746,0.013903667075561026
花田少年史 幽霊と秘密のトンネル (2006) ,0.8964686101278858,0.013875800417681529
THE MYTH/神話 (2005) ,0.9042952277563515,0.013867749027566378
anego[アネゴ]スペシャル (2005) ,0.8704730085560625,0.013829482957037469
anego[アネゴ] (2005) ,0.8704730085560625,0.01378791507228026
スタンド・バイ・ミー Stand by Me (1986) ,0.9463346114249833,0.01378242609103883
生き残れ SURVIVE (2005) ,0.8986804602264254,0.01372764513518925
TRU CALLING トゥルー・コーリング (2003) ,0.8672069967637454,0.01371703041295948
王妃の紋章 Curse of the Golden Flower (2006) ,0.8828385616947362,0.01370768075365308
天河伝説殺人事件 (1991) ,0.9493328524826746,0.0136986301369863
プリマダム Primadam (2006) ,0.8617189925756533,0.013687568292084444
16ブロック 16 Blocks (2006) ,0.9341998080954287,0.013621638629520438
ボビー Bobby (2006) ,0.9238694218774802,0.013588394134967968
H2～君といた日々～ (2005) ,0.8568812999345707,0.013538545692103462
トワイライトシンドローム デッドクルーズ Twilight Syndrome (2008) ,0.8530902039824945,0.013536418325918415
花田少年史 (2002) ,0.9492308909076402,0.013513513513513514
59番目のプロポーズ (2006) ,0.9347469239184895,0.013509172301779874
エボリューション Evolution (2001) ,0.9397157976473,0.013468740787289173
誰がために (2005) ,0.874351620903222,0.013453755797125877
テニスの王子様 (2006) ,0.9137015071805659,0.013402630012909766
こちら本池上署 (2005) ,0.8749720263351223,0.013335199012994903
メールで届いた物語(ストーリー) (2005) ,0.9490711816556062,0.013333333333333334
13の月 (2006) ,0.9128170171872472,0.013317726700330632
シバトラ～童顔刑事・柴田竹虎～ (2008) ,0.8971281160590201,0.013316907020779489
暴れん坊ママ (2007) ,0.8740695230680527,0.0132785414387136
東京ラブストーリー Tokyo Love Story (1991) ,0.9112504552285623,0.013233703366128778
TWO LOVE 二つの愛の物語/キャッチボール (2005) ,0.8991922028515812,0.013226075578888219
リップスティック Lipstick (1999) ,0.8631498898227874,0.013207525786014428
パパはニュースキャスター (1987) ,0.8757712926985167,0.013173343628033178
てるてるあした (2006) ,0.9490648629074623,0.013157894736842105
ブレイブ・ストーリー Bravestory (2006) ,0.8822649609244201,0.01314289262127875
天使の涙 堕落天使 Fallen Angels (1995) ,0.8994581361300856,0.013138913798910455
人間の証明 (2004) ,0.9490295689123834,0.013136445764363831
ビヨンド・ザ・ブレイク Beyond the Break (2006) ,0.8507587491034317,0.013117330745042842
ハリ系 (2007) ,0.9355955827034151,0.013099279329701459
青い鳥症候群(シンドローム) (1999) ,0.9288081390162138,0.013075282349078786
さよならみどりちゃん (2005) ,0.8770492458624598,0.01307181663485431
ほーむめーかー (2004) ,0.8705789028698873,0.01306250243803627
フルスイング (2008) ,0.8553662109949306,0.013050022923085127
チェリーパイ cherry pie (2006) ,0.9345485098297248,0.013047903674839323
西遊記 (2006) ,0.947755540194342,0.012987012987012988
キサラギ (2007) ,0.8830092038575176,0.012980423039422564
エラゴン/遺志を継ぐ者 Eragon (2006) ,0.9499492930022476,0.012967828709434016
働きマン (2007) ,0.8604285253647346,0.012943193943994676
ハケンの品格 (2007) ,0.8523301310509863,0.012933096214735257
めだか (2004) ,0.9243230994829278,0.01288362100327249
初体験 hatsu-taiken (2002) ,0.9022908469500645,0.012872744735006214
ダイ・ハード4.0 Live Free or Die Hard (Die Hard 4.0) (2007) ,0.9396646754296609,0.012872082981473739
みこん六姉妹2 (2008) ,0.9475484336255383,0.01282051282051282
ハチミツとクローバー Honey and Clovers (2008) ,0.9464161660869368,0.012811981757877282
男女7人秋物語 (1987) ,0.9087879622785683,0.012779683161848767
再会～横田めぐみさんの願い～ (2006) ,0.8754755468908523,0.012778921798993259
宿命 (2008) ,0.8598595665595229,0.012777361785203169
昔の男 (2001) ,0.9282534386617923,0.012736185668048664
河童のクゥと夏休み (2007) ,0.8747269355218105,0.012734916585780656
先生知らないの？ (1998) ,0.948244702133697,0.012733553390535893
だめんず・うぉ～か～ Damens Walker (2006) ,0.9408004929040891,0.01271723159548057
女系家族(にょけいかぞく) (2005) ,0.8677294979514237,0.012712342773086562
シュレック Shrek (2001) ,0.9287443965093669,0.012708913831592623
マダガスカル Madagascar (2005) ,0.9472013728306801,0.012658227848101266
ガメラ2/レギオン襲来 Gamera 2: Assault of the Legion (1996) ,0.8935893853354581,0.012658059959381848
なにさまっ！ (1998) ,0.9317879530166673,0.012631534782484195
アンカーウーマン Up Close and Personal (1996) ,0.9120689735414941,0.012615744238528197
東京ラブ・シネマ Tokyo Love Cinema (2003) ,0.8832295692397105,0.012580760356803408
インタビュー・ウィズ・ヴァンパイア Interview with the Vampire (1994) ,0.9217295574193131,0.012580221075848391
モーターサイクル・ダイアリーズ The Motorcycle Diaries (2004) ,0.8589092661332952,0.012576002492594062
ホーム＆アウェイ HOME & AWAY (2002) ,0.9324644199609234,0.012574650973711875
ダブルスコア DOUBLE SCORE (2002) ,0.9428905091181935,0.01253102863872205
同じ月を見ている Under The Same Moon (2005) ,0.8715453051607363,0.012503363491156813
リトル・ミス・サンシャイン Little Miss Sunshine (2006) ,0.9471370203964874,0.0125
遠くの空に消えた Into the Faraway Sky (2007) ,0.8665398975478592,0.012448521346826433
諫山節考 (2002) ,0.8591677069140689,0.012385176585824042
真・女立喰師列伝 The Women of Fast Food (2007) ,0.947079089061537,0.012345679012345678
タイヨウのうた A Song to the Sun (2006) ,0.8598766650613843,0.012331170188387204
名探偵コナン 水平線上の陰謀(ストラテジー) (2005) ,0.9139256004977234,0.012329564917531304
スキヤキ・ウエスタン ジャンゴ Sukiyaki Western Django (2007) ,0.8675779439881232,0.01232931595980168
ピンクパンサー The Pink Panther (2006) ,0.8546705757016457,0.012301723240062361
バットマン・フォーエヴァー Batman Forever (1995) ,0.8555310358245746,0.012204451265405725
時をかける少女 (1983) ,0.9479865708119557,0.012203276607430211
神様、もう少しだけ (1998) ,0.9413997550123304,0.012197319965052411
ストレートニュース (2000) ,0.9442071093779978,0.012195121951219513
東京少年 Tokyo Boy (2008) ,0.952416618111298,0.01218916249283904
俺は、君のためにこそ死ににいく (2007) ,0.9039007329673877,0.012158167036215816
恋愛偏差値 (2002) ,0.918090834001636,0.012145304625442322
バッシュメント Bashment (2005) ,0.9490498105561576,0.012122832952474285
CSI:科学捜査班 CSI: Crime Scene Investigation (2000) ,0.8868536202735383,0.012118132538270937
代表取締役刑事 (1990) ,0.9437024400019874,0.012048192771084338
しあわせのシッポ (2002) ,0.8631243172735571,0.012029284518356794
鴨川ホルモー (2009) ,0.8630205019276282,0.01199707957340805
赤川次郎ミステリー4姉妹探偵団 (2008) ,0.8811106375505295,0.011941781888958718
恋人までの距離(ディスタンス) (ビフォア・サンライズ) Before Sunrise (1995) ,0.8761267047383852,0.011935595048218008
不機嫌な果実 (1997) ,0.9297601487183098,0.011930798442799975
スワンの馬鹿！～こづかい3万円の恋～ (2007) ,0.9509660330776887,0.01191805464146851
外科医・柊又三郎 (1995) ,0.9091638805214853,0.011913162932580408
ステイン・アライブ Staying Alive (1983) ,0.9433044976517416,0.011904761904761904
私は貝になりたい (2008) ,0.914317499836435,0.011900287836336726
HR (2002) ,0.8902081169251755,0.011839735123182383
愛流通センター (2008) ,0.9425122623998334,0.011764705882352941
カーテンコール Curtain Call (2005) ,0.885304177657732,0.011687417828527676
こわい童謡 表の章 (2007) ,0.9011827740198795,0.011686984761593308
誰よりもママを愛す (2006) ,0.9265600455410546,0.011683187105034364
佐賀のがばいばあちゃん (2007) ,0.9022296112779692,0.011661906704746362
ハッピーフライト Happy Flight (2008) ,0.8685368673712972,0.011661400573091441
ゲーム・プラン The Game Plan (2007) ,0.8755915527136331,0.011659206617711887
ハービー/機械じかけのキューピッド Herbie: Fully Loaded (2005) ,0.9454785103658098,0.011636326691457925
英語でしゃべらナイト (2003) ,0.9315724668891395,0.011607660633336176
忍-SHINOBI (2005) ,0.8997940457832073,0.011567919909704901
アンフェア Unfair (2006) ,0.9407343987057988,0.011494252873563218
向田邦子の恋文 (2004) ,0.8571049633858383,0.01148027873365969
劇場版 『BLEACH ブリーチ』 The DiamondDust Rebellion もう一つの氷輪丸 (2007) ,0.9406836014207401,0.011439936001968796
舞妓Haaaan!!! (2007) ,0.9089185711642354,0.011417470473549901
アンフェア the special コード・ブレーキング～暗号解読 Unfair the special (2006) ,0.9407343987057988,0.011363636363636364
アマレット amoretto (2004) ,0.8661578082262598,0.011351292231941847
アイアン・イーグル Iron Eagle (1986) ,0.9193139155993123,0.011332224574069353
ナースマン (2002) ,0.915535327376022,0.011324858510344503
ナースマン～あの熱血看護師が帰ってきた!! (2004) ,0.915535327376022,0.011260037541454522
整形美人。 (2002) ,0.940043102219222,0.011235955056179775
私は貝になりたい (2007) ,0.880964936448456,0.011233422704835221
モンスターペアレント Monster Parent (2008) ,0.9083559731635813,0.011210280947123053
フーリガン Hooligans (Green Street Hooligans) (2005) ,0.8922002983091847,0.01120795995715638
ふたり (1997) ,0.9135669158674695,0.011197439380218471
シムソンズ Sim Sons (2006) ,0.8976771587879587,0.011183554543232922
地獄少女 (2006) ,0.9326554966309852,0.011115613556283193
URAMI ～怨み～ Bruiser (2000) ,0.9400357387354761,0.011111111111111112
危険なアネキ (2005) ,0.9478011740309343,0.011091895720136495
レッツ・ゴー！永田町 (2001) ,0.8865895521000272,0.011091655904663815
おみやさん (2003) ,0.8694764006313621,0.011080185811505659
べクシル-2077日本鎖国- Vexille (2007) ,0.8934263744895671,0.011020331997043206
007/慰めの報酬 Quantum of Solace (2008) ,0.9390574142202925,0.01098901098901099
ドルフィンブルー フジ、もういちど宙(そら)へ (2007) ,0.8745870546366494,0.010959717887044113
ホタルノヒカリ (2007) ,0.9453830100324514,0.010907413251011895
あしたがあるから (1991) ,0.9176095730079665,0.01088925807286511
ショムニ (1998) ,0.8637583843870312,0.01087525496936623
白と黒 (2008) ,0.9435994433067663,0.010870034297927685
雨のエトランゼ Un beau monstre (Love Me Strangely) (1970) ,0.9388116882790276,0.010869565217391304
超劇場版 ケロロ軍曹3 ケロロ対ケロロ 天空大決戦であります！ (2008) ,0.9375143771485306,0.010836512123206795
Tomorrow-陽はまたのぼる- (2008) ,0.9435994433067663,0.010829397557254795
バージンロード (1997) ,0.9478350575616347,0.010814785910784575
20世紀少年 第二章 最後の希望 Twentieth Century Boys 2 (2009) ,0.8862774813774876,0.010806533143599513
天使の牙 B.T.A. (2003) ,0.9477652080225081,0.010788331939752184
20世紀少年 最終章 ぼくらの旗 Twentieth Century Boys 3 (2009) ,0.8862774813774876,0.010773618533696773
夜のピクニック (2006) ,0.8970473665765694,0.010765276420788672
夜逃げ屋本舗 (1999) ,0.9387951208032689,0.010752688172043012
愛のうた！ (2007) ,0.9302754825705996,0.010734668187895582
こちら本池上署 (2003) ,0.8887758425156987,0.010675097083828725
私がクマにキレた理由(わけ) The Nanny Diaries (2007) ,0.8887758425156987,0.010640934278894737
ドレミソラ (2002) ,0.9386261955661855,0.010638297872340425
Summer Snow (2000) ,0.8613749326528652,0.010580101776924353
トランスフォーマー/リベンジ Transformers: Revenge of the Fallen (2009) ,0.938245113389394,0.010526315789473684
妹の恋人 Benny & Joon (1993) ,0.9385328128308489,0.010463560182540172
デス・プルーフ in グラインドハウス Death Proof in Grindhouse (2007) ,0.9370565828319393,0.010416666666666666
カバチタレ (2001) ,0.910466544698112,0.01037797459550028
解夏 (2004) ,0.9026694052571552,0.010358303065175435
バッテリー Battery (2008) ,0.931237517592028,0.010311968354364322
TWO LOVE 二つの愛の物語/君と歩いた道 (2005) ,0.9367871479762843,0.010309278350515464
バンパイアハンターD Vampire Hunter D (2001) ,0.892063138081073,0.010299861253858676
カンナさん大成功です！ 200 Pounds Beauty (2006) ,0.9054942016208877,0.010296264849895351
ソウ4 Saw IV (2007) ,0.8933892547367704,0.01028284430346286
死化粧師(しげしょうし)～エンバーマー間宮心十郎～ (2007) ,0.9257472306994252,0.010264667470143986
恋するマンハッタン What I Like About You (2002) ,0.9175552193861827,0.010258174704819937
猟奇的な彼女 (2008) ,0.9416972797130138,0.010237607004524297
京都迷宮案内 (2000) ,0.936586900296485,0.01020408163265306
弁護士のくず (2006) ,0.855431561333029,0.0101942520955
"モンスターズ・インク Monsters, Inc. (2002) ",0.8585973431522556,0.010152428409633799
赤いアモーレ Non ti muovere (Don't Move) (2004) ,0.9004753279897876,0.010143433612396217
ただ、君を愛してる (2006) ,0.9462488377875629,0.010119429353572403
メッセージ 言葉が、裏切っていく (2003) ,0.8978669307875714,0.010114754668685288
今夜ひとりのベッドで (2005) ,0.936291140812935,0.010101010101010102
ねらわれた学園 (1981) ,0.9281373040256015,0.010087358392037959
バック・トゥ・ザ・フューチャー Back to the Future (1985) ,0.8854909117044275,0.01008324145103066
マルサ!!東京国税局調査部 (2003) ,0.88075185739388,0.010033199541423666
ヒラリー・ダフのハート・オブ・ミュージック Raise Your Voice (2004) ,0.9422690288777822,0.010008607554371418
"HEY JAPANESE！Do you believe PEACE,LOVE and UNDERSTANDING？2008 (2008) ",0.9494672272241179,0.010001021899302043
ミニミニ大作戦 The Italian Job (2003) ,0.9359960591048445,0.01
ヤスコとケンジ (2008) ,0.903245585407828,0.009966365322660507
ひとり暮らし (1996) ,0.8924495688235994,0.009806799455959215
好きと言えなくて The Truth About Cats & Dogs (1996) ,0.9285446223056811,0.009798617642907495
アイアンマン Iron Man (2008) ,0.855729386779534,0.009796317122524894
タッチ CROSS ROAD 風のゆくえ (2001) ,0.9357307902682395,0.009708737864077669
ONE PIECE ワンピース 呪われた聖剣 (2004) ,0.9312129465246892,0.009707257924822448
ドッグヴィル Dogville (2003) ,0.8536241790410248,0.009674543598199144
マンダレイ Manderlay (2005) ,0.8536241790410248,0.00964914328325918
着信アリFinal (2006) ,0.9339506127390813,0.00963825340185839
汚(けが)れた舌 (2005) ,0.9330686782108693,0.009615384615384616
トロピック・サンダー/史上最低の作戦 Tropic Thunder (2008) ,0.8846045898585706,0.009591374867318123
愛し君へ (2004) ,0.8613283034406739,0.009565270712824736
新・科捜研の女2 (2005) ,0.8604210646120755,0.009552528056658141
スパイダーマン3 Spider-Man 3 (2007) ,0.9399567371748062,0.009534376839205811
ヴェロニカ・マーズ Veronica Mars (2004) ,0.933035825319071,0.009523809523809525
僕の、世界の中心は、君だ。 My Girl and I (2006) ,0.9267321512975573,0.009515533692675378
子宮の記憶 ここにあなたがいる (2007) ,0.8877207820136838,0.009501241254795758
アンドロメディア andromedia (1998) ,0.9409694614997657,0.009494740506336847
帰ってきたロッカーのハナコさん (2003) ,0.9369629156252715,0.009488994108809776
赤い奇跡 (2006) ,0.9055295832300693,0.009483952390887972
Mの悲劇 (2005) ,0.8633082437442524,0.009460251685209248
女神の恋 (2003) ,0.9369629156252715,0.009453575616753869
ロッキー3 Rocky III (1982) ,0.9327681237430009,0.009433962264150943
ニコニコ日記 (2003) ,0.9369629156252715,0.009418438163286332
ひらり (1992) ,0.9017444370768175,0.009406084189966442
女将になります！ (2003) ,0.9369629156252715,0.009383578345104367
珈琲時光 (2004) ,0.9250096514220958,0.00935305885463926
僕の彼女はサイボーグ (2008) ,0.8501355380209595,0.009351977730847776
ブルーもしくはブルー～もう一人の私～ (2003) ,0.9369629156252715,0.009348992814000385
007/トゥモロー・ネバー・ダイ Tomorrow Never Dies (1997) ,0.9322815390500154,0.009345794392523364
アイ・カーリー iCarly (2007) ,0.8759558428634351,0.009317473172250734
子猫の涙 ラストファイト (2008) ,0.937934346604253,0.009314831699579168
ちょっと待って、神様 (2004) ,0.9369629156252715,0.009314678275749264
百年の恋 (2003) ,0.9369629156252715,0.009280631489022485
クワイエットルームにようこそ Welcome to The Quiet Room (2007) ,0.9318159425740207,0.009259259259259259
年下の男 (2003) ,0.8804533434145346,0.009229506249196355
痴漢男 (2005) ,0.8500618303073252,0.009208645573913647
プロポーズ大作戦スペシャル Operation Love Special (2008) ,0.9332665171046199,0.0091428915641046
マスク2 Son of the Mask (2005) ,0.9168424455504032,0.00914008807244947
気球クラブ、その後 (2006) ,0.9463023735914966,0.009134400711461644
七瀬ふたたび (2008) ,0.8857557121891125,0.0091252937805276
美しき日々 Beautiful Days (2001) ,0.884096259469834,0.009113636520186728
真救世主伝説 北斗の拳 ラオウ伝 激闘の章 (2007) ,0.8819024743255278,0.009111664591116645
サンシャイン デイズ Sunshine Days (2007) ,0.9309162378126873,0.00909090909090909
M:i:III/ミッション：インポッシブル3 Mission: Impossible III (2006) ,0.9239698188637577,0.00907181136120043
サンシャイン デイズ 劇場版 Sunshine Days (2008) ,0.9309162378126873,0.009009009009009009
大好き！五つ子Go2!! (2006) ,0.9151472469292313,0.009007450616717774
花より男子ファイナル (2008) ,0.9151472469292313,0.00898381916152264
きららの仕事 (2005) ,0.9343220917718459,0.008976989027076797
ホットマン HOTMAN (2003) ,0.9304727120485715,0.008928571428571428
八丁堀の七人3 (2002) ,0.9221377783342959,0.008899456521739131
ポストマン Postman (2008) ,0.9304727120485715,0.008849557522123894
ザ・シューター/極大射程 Shooter (2007) ,0.8868235668248775,0.008814813985535765
つばさ (2009) ,0.9182758500173426,0.008812705730481995
ビートキッズ BEAT KIDS (2005) ,0.8575066329194039,0.00880308509017987
銭湯の娘!? (2006) ,0.9286027337763101,0.008802180918966193
ブラック・ブラッド・ブラザーズ BLACK BLOOD BROTHERS (2006) ,0.8778931665936172,0.008791251255893036
宇宙のステルヴィア Stellvia (2003) ,0.8769083628626366,0.00867683041596085
斉藤さん SAITOU san (2008) ,0.8800546808087434,0.008664238721804511
ALWAYS 三丁目の夕日 (2005) ,0.8795584371479375,0.008660498139270351
ホワイトナイツ/白夜 White Nights (1985) ,0.862088803562189,0.008650562961621996
サヨナライツカ Sayonara Itsuka (2010) ,0.8795584371479375,0.008634655043060968
ふたりはプリキュア (2004) ,0.9289684343449905,0.008620689655172414
輪廻 (2006) ,0.9215954824796125,0.008604840049471138
カメレオン (2008) ,0.9289419179982016,0.008547008547008548
ノックアラウンド・ガイズ Knockaround Guys (2001) ,0.9450142841584068,0.008522087842928138
まんてん 満天 (2002) ,0.9114137884186442,0.008481568076556784
苺の破片 イチゴノカケラ Ichigo Chips (2005) ,0.9114137884186442,0.008463578660468552
積木くずし真相～あの家族、その後の悲劇～ (2005) ,0.9216954149857585,0.008347487053110591
14才の母～愛するために生まれてきた～ (2006) ,0.9231258388029896,0.008343533416001157
ステップ・アップ Step Up (2006) ,0.9272924064372364,0.008333333333333333
同級生 (2008) ,0.8912266721093919,0.008270400699455099
コヨーテ・アグリー Coyote Ugly (2000) ,0.9268127351589748,0.008264462809917356
NANA2 (2006) ,0.92645170658192,0.00819672131147541
特命係長 只野仁 (2003) ,0.8758822738857068,0.008194351398356404
WALL・E/ウォーリー Wall-E (2008) ,0.9352662493197634,0.008173369075563696
特命係長 只野仁 リターンズ (2004) ,0.8758822738857068,0.008158812046848858
探偵物語 (1983) ,0.874782787571539,0.008155229886753022
ピクニックの準備 (2006) ,0.9254326706605868,0.008130081300813009
ピーナッツ Peanuts (2006) ,0.926519870280504,0.008085164236729728
初恋 (2006) ,0.9247373899137755,0.008064516129032258
眉山-びざん- (2007) ,0.8728128641103838,0.008048322321544241
穴/HOLES (2003) ,0.9141793364967309,0.008005079242260675
四日間の奇蹟 (2005) ,0.8760629530728357,0.00799971534931264
007/ゴールドフィンガー Goldfinger (1964) ,0.9240859375478643,0.007988286531412085
イタズラなKiss (1996) ,0.9589863521236298,0.007987275882012725
お・ばんざい！ (2007) ,0.9049214942453524,0.007982441658410822
東京大空襲 (2008) ,0.8930632070633072,0.00797765866179036
漂流教室 (1987) ,0.8725551023041357,0.007952317713273888
Around40～注文の多いオンナたち～ (2008) ,0.9473135971915994,0.007940552016985139
ストーカー 逃げきれぬ愛 (1997) ,0.923444033353463,0.007936507936507936
ジャッジ～島の裁判官 奮闘記～ (2007) ,0.9150044368086082,0.007930493066140944
TAXI NY (2004) ,0.9028810934538236,0.007925133579670285
御宿かわせみ (1980) ,0.8986908664365768,0.007909153142289686
御宿かわせみ (1982) ,0.8986908664365768,0.007892541941572503
チェオクの剣 茶母 (2003) ,0.9135214551294524,0.007884972170686457
新しい風 (2004) ,0.9224783252130708,0.007874015748031496
キングダム ハーツ Kingdom Hearts (2002) ,0.9258323021109547,0.007780028458350511
笑える恋はしたくない (2006) ,0.9258323021109547,0.007762737540969578
セックス・アンド・ザ・シティ Sex and the City (2008) ,0.9208909940823166,0.007751937984496124
茶々 天涯の貴妃(おんな) (2007) ,0.9258323021109547,0.007745530860172703
リトル・ダーリング Little Darlings (1980) ,0.9285959092913125,0.007713140444722051
リリイ・シュシュのすべて All About Lily Chou-Chou (2001) ,0.8686702535640691,0.007705253294790793
スリー・キングス Three Kings (1999) ,0.9072807968176352,0.007703684063366703
はぐれ刑事純情派 ファイナル (2005) ,0.9113515764298881,0.007695477929681949
コゼットの肖像 (2004) ,0.9197881580258849,0.007692307692307693
金田一少年の事件簿 (2001) ,0.9039592740405645,0.007671561244966103
恋文日和 (2004) ,0.9131806658923878,0.007650450470535607
RIZE ライズ (2005) ,0.9190900094143704,0.007633587786259542
007/サンダーボール作戦 Thunderball (1965) ,0.8699592775811807,0.007619075261951064
夢で逢いましょう (2005) ,0.8968980425037754,0.007599037619431456
眠れる森 A Sleeping Forest (1998) ,0.8853567343861221,0.007598328040232003
ぐるりのこと。 (2008) ,0.9323356057893691,0.007578914110800674
ビューティフルライフ ふたりでいた日々 Beautiful Life (2000) ,0.9190285117495551,0.007575757575757576
大好き！五つ子Go!! (2005) ,0.9169192370353302,0.007552994861291673
ビーチボーイズ BEACH BOYS (1997) ,0.9188403110716569,0.007518796992481203
愛と青春の旅だち An Officer and a Gentleman (1982) ,0.9170639225397077,0.0075021150075953195
ナースのお仕事2 (1997) ,0.8693602274419122,0.007478566070785904
アリゾナ・ドリーム Arizona Dream (1993) ,0.9118190218550498,0.007476249792393291
仮面ライダー THE NEXT (2007) ,0.9188077246715896,0.007462686567164179
シャカリキ！ Shakariki! (2008) ,0.9058191326261121,0.007411405253302871
はいからさんが通る (1987) ,0.9182358521304975,0.007407407407407408
ストリングス～愛と絆の旅路～ Strings (2004) ,0.9182036820733771,0.007352941176470588
ディスタービア Disturbia (2007) ,0.9176838185417773,0.0072992700729927005
オオカミの誘惑 (2004) ,0.917389604015734,0.0072639268242917585
ゴシカ Gothika (2003) ,0.9172271190464918,0.007246376811594203
恋文～私たちが愛した男～ (2003) ,0.9161882423653732,0.007194244604316547
みゆき (1983) ,0.9155042903651432,0.007188271094384909
揺れる想い (1995) ,0.9159631411561518,0.007142857142857143
椿山課長の七日間 (2006) ,0.8749540549667316,0.0071245915120356365
卒業 The Graduate (1967) ,0.9156058371463671,0.0070921985815602835
ウォッチメン Watchmen (2009) ,0.8529741106170262,0.007089838377787559
おじいさん先生 熱闘篇 (2007) ,0.9281822345280525,0.007071182978903674
新・お水の花道 (2001) ,0.9155392298167846,0.007042253521126761
わかば (2004) ,0.9429834789684398,0.007014795349349263
コスメの魔法2 (2005) ,0.9152531009136875,0.006993006993006993
ジャンピン・ジャック・フラッシュ Jumpin' Jack Flash (1986) ,0.9022739770059046,0.0069621781225102436
たったひとつのたからもの (2004) ,0.9226785986599498,0.006956959791476139
手紙 (2006) ,0.9147327274586345,0.006944444444444444
キャットウーマン Catwoman (2004) ,0.918705418482001,0.006936042513215861
1リットルの涙 (2005) ,0.9384281531382096,0.006935256463991654
1リットルの涙  特別編～追憶～ (2007) ,0.9384281531382096,0.00691309149353623
メン・イン・ブラック Men in Black (1997) ,0.9145344024579248,0.006896551724137931
黒い家 The Black House (1999) ,0.9135941950592384,0.00684931506849315
ひとつ屋根の下 (1993) ,0.8771402532362333,0.006780546371854568
イキガミ (2008) ,0.9363194014027139,0.00677821411209592
天国に一番近い男 (2001) ,0.9183414288088516,0.006776580272395832
ひとつ屋根の下2 (1997) ,0.8771402532362333,0.006768748304001609
ハッスル＆フロウ Hustle & Flow (2005) ,0.9125212930191666,0.006756756756756757
生きててもいい？～ひまわりの咲く家～ (2006) ,0.920105194532916,0.0067515392162802055
東京湾景 (2004) ,0.912488507582707,0.006711409395973154
音符と昆布 (2008) ,0.9373263599349407,0.006678454791725004
眠らない街 新宿鮫 (1993) ,0.9124398426086331,0.006666666666666667
先生はエライっ！ (2008) ,0.9220808760116588,0.006663192636412383
カサブランカ Casablanca (1942) ,0.919983970068878,0.006631161442618641
天花 (2004) ,0.911801798282147,0.006617143921623013
イルマーレ The Lake House (2006) ,0.8872176897536673,0.006594766452954105
シャーロットのおくりもの Charlotte's Web (2006) ,0.9066834625207413,0.006565264963597696
"魁!!男塾 SAKIGAKE!! OTOKOJUKU ""BE A MAN! SAMURAI SCHOOL"" (2008) ",0.9104105375289687,0.006535947712418301
3年B組金八先生 第8シリーズ (2007) ,0.8977542129858055,0.006532801121301685
Dr.コトー診療所 (2003) ,0.9233724782321701,0.006528461701130343
Dr.コトー診療所2004 (2004) ,0.9233724782321701,0.006516054016490089
Dr.コトー診療所2006 (2006) ,0.9233724782321701,0.006503700372079224
乙女のパンチ (2008) ,0.926117154416205,0.006502904735463079
アイ・アム・レジェンド I Am Legend (2007) ,0.8996228712101958,0.006502842646594982
きみの友だち (2008) ,0.8735247579088631,0.0064993350830671115
チープ・ラブ Cheap Love (1999) ,0.8918621211619276,0.006497536524500232
交渉人～THE NEGOTIATIOR～ (2008) ,0.9094669660059748,0.006493506493506494
結婚式へ行こう！ (2006) ,0.8616005633613523,0.006482999201445804
緋の十字架 (2005) ,0.8932791682190264,0.006482581064902534
ホテルウーマン (1991) ,0.9194796536374417,0.006472090368323019
Pure Soul～君が僕を忘れても～ (2001) ,0.8968695479327489,0.006462420784671423
天気予報の恋人 (2000) ,0.9122957066563878,0.006461199117181562
バッテリー Battery (2007) ,0.9405933364325113,0.006453952139231328
クロコダイル・ダンディーin L.A. Crocodile Dundee in Los Angeles (2001) ,0.9089632057654856,0.0064516129032258064
深呼吸の必要 (2004) ,0.9040234880425688,0.0063498860623678825
おとうさん (2002) ,0.90843486778931,0.006329113924050633
スカイ・ハイ The Man from Hong Kong (1975) ,0.9077950685331614,0.006289308176100629
クール・ボーダーズ Grind (2003) ,0.907369546358827,0.00625
ナイチンゲーロ Nightingalo (2006) ,0.9075933936470995,0.006215117488422673
不信のとき～ウーマン・ウォーズ～ (2006) ,0.9063166959156614,0.006211180124223602
007/ムーンレイカー Moonraker (1979) ,0.926436246319069,0.006201565294309944
劇場版 仮面ライダー響鬼(ヒビキ)と7人の戦鬼 (2005) ,0.906092828529859,0.006172839506172839
オーロラの彼方へ Frequency (2000) ,0.8641603391258142,0.00617033016786229
アウトリミット (2005) ,0.9258913849209771,0.006158309255822034
幸福の王子 (2003) ,0.8832031614208745,0.006146678456994545
傷だらけのラブソング (2001) ,0.8918362507109708,0.006137472680421015
ハッピーマニア (1998) ,0.903982139242484,0.006134969325153374
リング～最終章～ (1999) ,0.8918362507109708,0.006111111111111111
水に棲む花～ROMANCE OF DARKNESS～ (2006) ,0.882859561671012,0.0061047036405547685
恋人よ (1995) ,0.8947510294580786,0.006030315296189015
輝く季節の中で (1995) ,0.9031847625676057,0.006024096385542169
名探偵コナン 戦慄の楽譜(フルスコア) (2008) ,0.8911677048578643,0.006021576435547324
最後の恋 (1997) ,0.9025476068288403,0.005988023952095809
NANA (2005) ,0.902445898118157,0.005952380952380952
映画 クロサギ (2008) ,0.8832362837388464,0.005945617438845309
大奥 (2003) ,0.8871731154756444,0.0059448255755852955
ライフ オン ザ ロングボード Life on the Longboard (2005) ,0.8890914529655847,0.005925566984835416
空から降る一億の星 (2002) ,0.9022296112779692,0.005917159763313609
ハンテッド The Hunted (2003) ,0.9406084856362641,0.005915910714672325
イッツ・ア・ニューデイ It's a New Day (2007) ,0.8837000736930154,0.005912922298730578
ミラクルバナナ Miracle Banana (2005) ,0.9022296112779692,0.0058823529411764705
エンジェル 僕の歌は君の歌 (1992) ,0.8924909280091672,0.005852237431184799
トリック3 TRICK (2003) ,0.8755017621289125,0.005818746388514637
劇場版MAJOR メジャー 友情の一球(ウイニングショット) (2008) ,0.8863471340296163,0.005787644943638641
コラソン de メロン (2008) ,0.9022106447830781,0.005780346820809248
裸の大将～放浪の虫が動き出したので～ (2007) ,0.8564288745931531,0.0057506187604508645
子供が寝たあとで (1992) ,0.8840950120005565,0.0057483656554526644
1303号室 Apartment 1303 (2007) ,0.9021488582962025,0.005747126436781609
裸の大将～宮崎の鬼が笑うので～ (2008) ,0.8564288745931531,0.005741672009042456
ダイブ!! DIVE!! (2008) ,0.8822408628387726,0.005721880676978026
私をスキーに連れてって (1987) ,0.9015473638318213,0.005714285714285714
SS エスエス Special Stage (2008) ,0.882629705038689,0.005697574653966133
007/ゴールデンアイ GoldenEye (1995) ,0.9015191016190307,0.005681818181818182
おばちゃんチップス (2007) ,0.8538573865581511,0.005657719946863846
できちゃった結婚 Shotgun Marriage (2001) ,0.9014482250999385,0.005649717514124294
ひと夏のプロポーズ (1996) ,0.900963876731689,0.0056179775280898875
クレヨンしんちゃん 嵐を呼ぶ歌うケツだけ爆弾！ (2007) ,0.8988022693988758,0.005601827096705871
ダイアリー・オブ・ザ・デッド Diary of the Dead (2007) ,0.9007635565874396,0.00558659217877095
REX 恐竜物語 (1993) ,0.8996045310929682,0.005555555555555556
着信アリ (2004) ,0.899312193916037,0.0055248618784530384
007/私を愛したスパイ The Spy Who Loved Me (1977) ,0.8921829863217486,0.005511888312531618
竜馬におまかせ！ (1996) ,0.8983580907162452,0.005494505494505495
新空港物語 (1994) ,0.8982194435786723,0.00546448087431694
33分探偵 (2008) ,0.8835076187762249,0.005451880451880452
上を向いて歩こう 坂本九物語 (2005) ,0.8736518424972168,0.005445903466603778
真救世主伝説 北斗の拳 ラオウ伝 殉愛の章 (2006) ,0.8763502542460213,0.005437007138041362
闇の子供たち (2008) ,0.8979800665108776,0.005434782608695652
ライオン・キング The Lion King (1994) ,0.9086794881736912,0.005401869974231466
サウスバウンド Southbound (2007) ,0.8973986635869463,0.005376344086021506
閉ざされた森 Basic (2003) ,0.8965301229449121,0.005319148936170213
本日の猫事情 (2007) ,0.8715464168090553,0.005311541247654823
ダイヤモンドガール (2003) ,0.9242512920515512,0.005299389984093794
アフリカの夜 (1999) ,0.8959950419351403,0.005291005291005291
ブラック・レイン Black Rain (1989) ,0.8955554990406456,0.005263157894736842
あの空をおぼえてる (2008) ,0.9173990968501785,0.0052437641723356
リアル鬼ごっこ (2008) ,0.8953492010803727,0.005235602094240838
サイコメトラーEIJI (1997) ,0.8504953597353466,0.005227959410085322
アメイジング・グレイス Amazing Grace (2006) ,0.8682499724227527,0.005214293264332289
プルーフ・オブ・ライフ Proof of Life (2000) ,0.8950646537895472,0.005208333333333333
トランスポーター3 アンリミテッド Transporter 3 (2008) ,0.9059380061114375,0.005172758526199191
花影 (2008) ,0.8792673050969331,0.005146265998960378
PS－羅生門－警視庁東都署 (2006) ,0.9343912999850166,0.005141966396752662
どろろ Dororo (2007) ,0.8931917589727502,0.005076142131979695
赤い糸 (2008) ,0.8785147763850841,0.0050640254687347
メメント Memento (2000) ,0.8930476337605677,0.005050505050505051
マンハッタンラブストーリー Manhattan Love Story (2003) ,0.850102204052548,0.005046227530054821
Laundry ランドリー (2001) ,0.9169230627456666,0.005039123630672927
あしたの私のつくり方 (2007) ,0.9190092937767504,0.005031434867486955
象の背中 (2007) ,0.870968435812345,0.00498130321598944
温泉へ行こう4 Let's go ONSEN 4 (2003) ,0.8918002686868566,0.004975124378109453
もうひとつの象の背中 (2007) ,0.870968435812345,0.004971675829332104
CSI:マイアミ CSI: Miami (2002) ,0.8941046978505516,0.004965219112217686
銀色のシーズン (2008) ,0.8948817113681266,0.004949067593568309
新ニューヨーク恋物語 LOVE STORY IN NEW YORK (2004) ,0.8908969282956944,0.0049261083743842365
007/ユア・アイズ・オンリー For Your Eyes Only (1981) ,0.8694212065862456,0.0049106955632604275
ニューヨーク恋物語 LOVE STORY IN NEW YORK (1988) ,0.8908969282956944,0.004901960784313725
ボーダー 犯罪心理捜査ファイル BORDER (1999) ,0.8939245873364612,0.004883575068079644
ブラザーズ＆シスターズ Brothers & Sisters (2006) ,0.8908332410416592,0.004878048780487805
おかずな夜 (1992) ,0.9159196809015986,0.00487451357889538
コスプレ幽霊 紅蓮女(ぐれんオンナ) (2008) ,0.8908425006683496,0.004851343207807404
トランスアメリカ Transamerica (2005) ,0.9344066363185313,0.004842822114875488
ウルトラマンメビウス＆ウルトラ兄弟 (2006) ,0.9074654773730105,0.004831235976977856
ワイルド・ワイルド・ウエスト Wild Wild West (1999) ,0.8900088240043318,0.004830917874396135
水曜日の情事 (2001) ,0.8898624034763775,0.004807692307692308
オレンジデイズ Orange Days (2004) ,0.8889056732287383,0.004784688995215311
メシア 伝えられし者たち (2007) ,0.9325157546464283,0.004731203350508745
セーラー服と機関銃 (2006) ,0.8855109595443108,0.004694835680751174
夫婦。 (2004) ,0.8920229453244493,0.004668438772551616
稲村ジェーン (1990) ,0.926782264902659,0.004665746895773235
"ナルニア国物語～第1章：ライオンと魔女 The Chronicles of Narnia: The Lion, the Witch and the Wardrobe (2005) ",0.8831614829624886,0.004629629629629629
きみはペット (2003) ,0.9397020551247793,0.004608294930875576
スシ王子！ (2007) ,0.8822017145550197,0.0045871559633027525
トリック2 TRICK2 (2002) ,0.8909572253363038,0.004578523744261946
ICHI (2008) ,0.8811406776787845,0.0045045045045045045
GOOD LUCK!! (2003) ,0.8762796826141652,0.004498872217318819
みにくいアヒルの子 (1996) ,0.9166830965312518,0.004465484418619519
劇場版 空の境界/第一章 俯瞰風景 (2007) ,0.8783628995376811,0.004424778761061947
Watch with Me ～卒業写真～ (2007) ,0.9127035975491841,0.00437476172321769
うちはステップファミリー (2005) ,0.9056563524634238,0.004360585079554313
冗談でしょッ！離婚予定日 (2004) ,0.8886419459875791,0.004325873351975175
ヘアスタイル Hair Style (2005) ,0.8763907791262409,0.004310344827586207
ファインディング・ニモ Finding Nemo (2003) ,0.8763078872024135,0.004291845493562232
子供、ほしいね (1990) ,0.9056825257184961,0.004262310065684974
真夏のメリークリスマス (2000) ,0.9048722764407895,0.00423689319350414
ジョンQ-最後の決断- John Q (2002) ,0.8896362648978904,0.004234236132231035
海猿 ウミザル UMIZARU (2004) ,0.8926311477271949,0.004219125117501556
真夜中の少女たち (2006) ,0.8880976954653689,0.004214525464920005
夜王 (2005) ,0.8926311477271949,0.004213183077752161
チェスト！ (2008) ,0.857641398711001,0.004212284419330154
シャッフル！ SHUFFLE! (2005) ,0.8880976954653689,0.004208358356142286
霧の火～樺太・真岡郵便局に散った九人の乙女たち (2008) ,0.8706542549366376,0.0041858657219677586
キイハンター (1968) ,0.8753472261917701,0.0041841004184100415
編集王 (2000) ,0.8749094521101818,0.004149377593360996
シュート！ (1994) ,0.8710954045229906,0.004142921134371119
時効警察 (2006) ,0.8654554661370231,0.0040862287776637606
花より男子(だんご) (2005) ,0.9196134994105385,0.0040785630724909875
名探偵コナン 紺碧の棺(ジョリー・ロジャー) (2007) ,0.8772520174193749,0.004076591623547234
ベティ・サイズモア Nurse Betty (2000) ,0.8720064851533263,0.004047953404468129
KARAOKE -人生紙一重- (2005) ,0.8733823395802068,0.0040392852325959756
電脳コイル (2007) ,0.9232300783413198,0.004037131598332225
ラストゲーム 最後の早慶戦 Last Game (2008) ,0.8728128641103838,0.004
ガッコの先生 (2001) ,0.883164801705096,0.003965872786418448
ボーイハント (1998) ,0.896862172348306,0.003963890866649048
「サクゴエ」 Sakugoe (2007) ,0.8856686088141508,0.003953802719619865
ピーチな関係 (1999) ,0.8722176291668303,0.003937007874015748
ロマンス (1999) ,0.8686645492949916,0.00392612983331906
リターナー Returner (2002) ,0.8705731303278446,0.003875968992248062
THE WAVE (2005) ,0.8657154726355951,0.0038512255053881413
花嫁は厄年ッ!! (2006) ,0.8703316445251736,0.0038314176245210726
純愛 JUN-AI (2007) ,0.8874598063820073,0.0038293291127623544
ダニー・ザ・ドッグ Unleashed (Danny the Dog) (2005) ,0.8796539742406629,0.003828659478920821
JUNO/ジュノ (2007) ,0.8705396590628937,0.0038126529502401883
ノッティングヒルの恋人 Notting Hill (1999) ,0.8916650420780754,0.003796702123850283
フローズン・タイム Cashback (2006) ,0.8916650420780754,0.0037918250299714545
協奏曲 (1996) ,0.863956001761953,0.00376205355067446
夏目友人帳 (2008) ,0.8732611380770199,0.0037528929827592575
私の名前はキム・サムスン My Lovely Samsoon (2005) ,0.9098468149779607,0.003720515690419931
一瞬の風になれ (2008) ,0.8679346859836723,0.0037174721189591076
京都地検の女 (2006) ,0.9337256230253,0.003663003663003663
ヒートアイランド Heat Island (2007) ,0.866430598053372,0.0036509459196187696
嫌われ松子の一生 Memories of Matsuko (2006) ,0.8670321768809268,0.0036231884057971015
雨に唄えば Singin' in the Rain (1952) ,0.865642935951188,0.0036164531528219824
海猿 EVOLUTION UMIZARU EVOLUTION (2005) ,0.8668047547341347,0.0036101083032490976
モップガール Mop Girl (2007) ,0.8663779318514482,0.0035460992907801418
電池が切れるまで (2004) ,0.8662527382176763,0.0035335689045936395
ため息つかせて Waiting to Exhale (1995) ,0.8678730257551025,0.003521753644152665
幸せになりたい！ (2005) ,0.8662527382176763,0.0035211267605633804
拝啓、父上様 (2007) ,0.90437077436099,0.0034812907135282536
湯けむりウォーズ (2005) ,0.8652110836852309,0.003472222222222222
ママの神様 (2008) ,0.8652110836852309,0.0034602076124567475
ゴースト/ニューヨークの幻 Ghost (1990) ,0.9095958600267374,0.003454470491223937
卓球温泉 (1998) ,0.8586206451725169,0.003420761470875366
丘を越えて (2008) ,0.8586206451725169,0.0034142797841427977
ラ・ブーム2 La Boum 2 (1982) ,0.8645322297669827,0.0034129692832764505
月光の囁き (1999) ,0.8638023044700536,0.003355704697986577
春の雪 snowy love fallin'in spring (2005) ,0.8633954578677651,0.0033333333333333335
彼女たちの結婚 (1997) ,0.8628712347638404,0.0033003300330033004
ジャケット The Jacket (2005) ,0.9009307985224133,0.0032789066762478874
スーパーロボット大戦OG ディバイン・ウォーズ (2006) ,0.9073985072808498,0.003227015323117921
"探偵事務所5”～5ナンバーで呼ばれる探偵達の物語～ Detective Office 5"" (2005) ",0.8554446024375731,0.003220661164801867
ミヨリの森 (2007) ,0.8608950617513559,0.003194888178913738
ビバリーヒルズ・コップ2 Beverly Hills Cop II (1987) ,0.8605422093739867,0.0031746031746031746
冬の輪舞 (2005) ,0.8598246439155585,0.0031446540880503146
紅(べに)の紋章 (2006) ,0.9006942988433052,0.0031197579824110613
伝染歌 (2007) ,0.8869456258906518,0.00311877328250888
病院のチカラ～星空ホスピタル (2007) ,0.9052724122463343,0.0030908025776215584
想い出にかわるまで (1990) ,0.9223192095726654,0.003088804930639037
聖者の行進 (1998) ,0.8818278284529595,0.0030679520208316017
太郎と次郎～反省ザルとボクの夢～ (2007) ,0.8818278284529595,0.0030631642417575334
星砂の島、私の島～アイランド・ドリーミン～ (2004) ,0.890796746751625,0.003057483961026401
京都へおこしやす！ (2008) ,0.8590835620385331,0.003048780487804878
こいまち (1999) ,0.9010132683083324,0.0030453373447142467
スピード・レーサー Speed Racer (2008) ,0.8590315792402108,0.00303951367781155
未来講師めぐる (2008) ,0.8574730388131324,0.002989260267143065
しあわせなら手をたたこう (2005) ,0.8981052809036654,0.00296663844422129
いつもふたりで (2003) ,0.8572363199654456,0.002952982410407532
平成夫婦茶碗(ヘーセーメオトヂャワン) ドケチの花道 (2000) ,0.8561260877346724,0.0029069767441860465
F/X引き裂かれたトリック (1986) ,0.8555551117738028,0.002881844380403458
旅立ちの時 Running on Empty (1988) ,0.8757325227024254,0.00287282812163737
クロサギ (2006) ,0.8550587607281909,0.002857142857142857
高校教師 (1993) ,0.8970269523781497,0.0028033043781075274
高校教師 (2003) ,0.8970269523781497,0.0027993209090558325
催眠 (2000) ,0.8528159040372529,0.002777777777777778
それでも生きる子供たちへ All the Invisible Children (Les Enfants invisibles) (2005) ,0.8514755804378605,0.0027776913688455744
天体観測 searchin' for my polestar (2002) ,0.8781664440452175,0.0027708913383424237
怪～ayakashi～ (2006) ,0.8527682931596665,0.0027624309392265192
マイ・ブルーベリー・ナイツ My Blueberry Nights (2007) ,0.8849145492429108,0.0027588096402321963
沙粧妙子-最後の事件- (1995) ,0.8521974003759947,0.0027397260273972603
元カレ Motokare (2003) ,0.8862325337965241,0.0027274737239120295
女刑事みずき～京都洛西署物語 PART2 (2007) ,0.8764527188431934,0.0026480650617997157
着信アリ2 (2005) ,0.8794719831950468,0.0026310873085066636
香港国際警察/NEW POLICE STORY (2004) ,0.8853013291279294,0.0026267592057065744
紅の豚 Porco Rosso (1992) ,0.8607836805055766,0.0026195165130752816
おいしいプロポーズ (2006) ,0.8632874001322465,0.0026150872476039515
最後のナイチンゲール (2006) ,0.8682499724227527,0.0026123476967801137
ダメジン Damejin (2006) ,0.8632874001322465,0.002611597427092905
リトル・ダンサー Billy Elliot (2000) ,0.8872584455400582,0.0025448143405889887
ドリーム～90日で1億円～ (2004) ,0.8549113986173449,0.002495420719042911
熱烈的中華飯店 (2003) ,0.8743398224074483,0.0024909729374247742
ブラブラバンバン (2008) ,0.8667735764040896,0.0024905964119313344
ぼくの魔法使い (2003) ,0.9195927288909183,0.002457002457002457
アイズ The Eye (2008) ,0.87181293731721,0.0024514061517266167
カーズ Cars (2006) ,0.8767192083305181,0.0024313239503112923
クレヨンしんちゃん 伝説を呼ぶ ブリブリ 3分ポッキリ大進撃 (2005) ,0.8797960933278857,0.0024130882897906245
8月のクリスマス Christmas in August (2005) ,0.8645589951799424,0.002410649844396909
ニューヨークの恋人 Kate & Leopold (2001) ,0.9156262473373731,0.0024096385542168677
悪いことしましョ！ Bedazzled (2000) ,0.8580511897209768,0.00240313143180447
キミ犯人じゃないよね？ Aren't You a Criminal? (2008) ,0.8649280740817681,0.002389762565525748
ガメラ/大怪獣空中決戦 Gamera: Guardian of the Universe (1995) ,0.8545086557169882,0.002341308643832525
黄昏流星群 同窓会星団 (2002) ,0.8712231846305853,0.0023249447421051
隠し砦の三悪人 THE LAST PRINCESS (2008) ,0.8511928020215173,0.002265192945212328
7月24日通りのクリスマス (2006) ,0.9171500933442127,0.0022471910112359553
ムーラン Mulan (1998) ,0.910921669488956,0.002145922746781116
流星の絆 (2008) ,0.9024114600503794,0.0019569471624266144
オヤジ探偵 (2001) ,0.9088349367272076,0.0018796992481203006
課長 島耕作 (2008) ,0.8933634649204871,0.0017667844522968198
奇跡の動物園2007～旭山動物園物語～ (2007) ,0.8901166653420491,0.0017331022530329288
奇跡の動物園2008～旭山動物園物語～ (2008) ,0.8901166653420491,0.0017301038062283738
京都地検の女 (2007) ,0.8872356433146842,0.001697792869269949
ビジョン・クエスト/青春の賭け Vision Quest (Crazy for You) (1985) ,0.8866774009935792,0.0016891891891891893
今夜、宇宙の片隅で (1998) ,0.8855396518411487,0.0016638935108153079
海峡 (2007) ,0.8826387799727612,0.0016260162601626016
min.jam「ため息の理由」 (2005) ,0.8822488196104401,0.0016155088852988692
約三十の嘘 (2004) ,0.8821428176140426,0.0016129032258064516
僕たちの戦争 (2006) ,0.8782653087933202,0.0015527950310559005
リトルフットの大冒険/謎の恐竜大陸 The Land Before Time (1988) ,0.9223192095726654,0.0015479876160990713
女同士 (2000) ,0.8913403897140985,0.0014705882352941176
誰も守ってくれない Nobody to watch over me (2009) ,0.8910185452924856,0.0014641288433382138
On Your Mark (1995) ,0.9146473116741,0.0014619883040935672
妹よ (1994) ,0.8725037081463686,0.001451378809869376
麗しのサブリナ Sabrina (1954) ,0.870683942774627,0.001422475106685633
天才柳沢教授の生活 (2002) ,0.8883584537659192,0.00141643059490085
ロード・オブ・ザ・リング The Lord of the Rings: The Fellowship of the Ring (2001) ,0.8698648380090084,0.00141643059490085
百万円と苦虫女 (2008) ,0.8621324982311818,0.0013227513227513227
マリと子犬の物語 A tale of Mari and three puppies (2007) ,0.8964008143773666,0.001303780964797914
ロス：タイム：ライフ (2008) ,0.8586975918152548,0.001277139208173691
消えた天使 The Flock (2007) ,0.8567795788445182,0.0012658227848101266
はみだし刑事情熱系 (1996) ,0.8559655198473212,0.0012626262626262627
幸せのレシピ No Reservations (2007) ,0.8710911225943531,0.0012135922330097086
誘惑されて棄てられて Sedotta e abbandonata (Seduced and Abandoned) (1963) ,0.8808812764836154,0.001199040767386091
京都迷宮案内 (2003) ,0.8679563992009737,0.0011976047904191617
男が女を愛する時 When a Man Loves a Woman (1994) ,0.8788913129001369,0.0011918951132300357
振り返れば奴がいる (1993) ,0.8617490798225744,0.0011890606420927466
スパイ・ゲーム Spy Game (2001) ,0.8593014622331642,0.001184834123222749
007/ワールド・イズ・ノット・イナフ The World is Not Enough (1999) ,0.8555622332839944,0.0011737089201877935
砂の器 (2004) ,0.8554068970938205,0.0011682242990654205
ナースステーション (1991) ,0.8717987871783225,0.0011547344110854503
マイフェアボーイ My Fair Boy (2007) ,0.8536912647507432,0.0011547344110854503
ドリームガールズ Dreamgirls (2006) ,0.8588990207075434,0.0011441647597254005
青の時代 (1998) ,0.8700460583200803,0.001141552511415525
アヒルと鴨のコインロッカー (2007) ,0.8698176864240501,0.0011402508551881414
ブランド (2000) ,0.8571294170160938,0.0011312217194570137
喰いタン KUI-TAN (2006) ,0.867733673993642,0.001122334455667789
喰いタン スペシャル ～香港ぜんぶ食べちゃうぞ編～ KUI-TAN (2006) ,0.867733673993642,0.0011210762331838565
連続テレビドラマ ネコナデ (2008) ,0.8646929287269326,0.0011173184357541898
カリートの道 Carlito's Way (1993) ,0.8535122280275039,0.0011160714285714285
いいひと。 (1997) ,0.852438972249339,0.0011074197120708748
地下鉄(メトロ)に乗って (2006) ,0.850208724327483,0.0011013215859030838
仄暗い水の底から (2001) ,0.8520455259876759,0.0010787486515641855
