0,炎,炎,LiSA,2020-10-12,275000,74,2,1,0.477,0.105,0.685,0.0,0.277,-4.554,0.0325,152.04,4,0.308
1,夜に駆ける,夜に駆ける,YOASOBI,2019-12-15,261013,77,8,1,0.67,0.00231,0.874,1.72e-05,0.3,-5.221,0.0305,130.041,4,0.789
2,Step and a step,Step and a step,NiziU,2020-11-25,201720,61,0,1,0.844,0.184,0.851,8.53e-05,0.0754,-3.762,0.0494,116.038,4,0.541
3,Make you happy,Make you happy,NiziU,2020-06-30,184520,2,7,1,0.78,0.0436,0.885,2.8e-05,0.105,-3.745,0.122,160.087,4,0.808
4,ドライフラワー,ドライフラワー,優里,2020-10-25,285586,77,7,1,0.463,0.426,0.624,0.0,0.221,-5.118,0.0274,147.929,4,0.521
5,香水,香水,Eito,2019-04-21,252594,56,3,1,0.848,0.824,0.352,0.0,0.0906,-6.838,0.041,121.833,4,0.776
6,裸の心,おいしいパスタがあると聞いて,Aimyon,2020-09-09,296653,69,8,1,0.559,0.537,0.448,1.85e-05,0.0915,-4.11,0.0275,148.02,4,0.354
7,感電,STRAY SHEEP,Kenshi Yonezu,2020-08-05,264533,4,8,0,0.633,0.107,0.723,0.0,0.0818,-5.733,0.143,103.101,4,0.688
8,白日,白日,King Gnu,2019-02-22,274912,2,1,1,0.606,0.672,0.902,0.0,0.289,-2.555,0.109,93.002,4,0.758
9,紅蓮華,Gurenge,LiSA,2019-07-03,238586,74,4,0,0.545,0.00339,0.979,0.000118,0.0775,-2.8,0.153,135.002,4,0.309
10,Pretender,Traveler,Official HIGE DANdism,2019-09-11,326842,70,8,1,0.538,0.047,0.869,0.0,0.14,-3.464,0.0275,91.972,4,0.369
11,Myra,Myra,Tani Yuuki,2020-07-01,255000,61,0,1,0.683,0.71,0.318,9.05e-05,0.167,-13.335,0.0349,144.027,4,0.587
12,snow jam,swipe sheep,Rin音,2020-06-10,185378,64,1,1,0.583,0.185,0.627,0.0,0.159,-5.842,0.201,172.016,4,0.805
13,キンモクセイ,イラつくときはいつだって,オレンジスパイニクラブ,2020-01-22,231435,7,5,1,0.554,0.0991,0.761,0.0,0.145,-3.937,0.034,105.041,4,0.327
14,虹,虹,Masaki Suda,2020-11-10,258733,71,5,1,0.548,0.071,0.6,0.0,0.192,-5.049,0.0297,143.961,4,0.296
15,不可幸力,strobo,Vaundy,2020-05-27,200243,71,11,0,0.69,0.0157,0.815,2.85e-06,0.0636,-5.227,0.0426,94.032,4,0.613
16,サントラ,サントラ,Creepy Nuts,2020-07-01,250566,28,2,1,0.695,0.179,0.908,0.0,0.367,-2.475,0.305,127.073,4,0.84
17,マリーゴールド,瞬間的シックスセンス,Aimyon,2019-02-13,306626,64,2,1,0.545,0.0452,0.745,0.0,0.0907,-3.098,0.0286,106.094,4,0.413
18,Lemon,STRAY SHEEP,Kenshi Yonezu,2020-08-05,255826,54,11,1,0.525,0.304,0.646,0.0,0.297,-4.963,0.0268,86.957,4,0.373
19,まちがいさがし,LOVE,Masaki Suda,2019-07-10,223640,2,2,1,0.534,0.523,0.642,0.0,0.39,-5.568,0.0372,155.921,4,0.443
20,愛にできることはまだあるかい,天気の子,RADWIMPS,2019-07-19,414466,48,9,1,0.536,0.362,0.403,0.0,0.292,-6.38,0.0335,141.551,4,0.246
21,三文小説,三文小説,King Gnu,2020-10-30,280533,61,4,0,0.384,0.641,0.487,0.0,0.254,-8.26,0.0508,88.055,4,0.0994
22,ハルジオン,ハルジオン,YOASOBI,2020-05-11,198000,67,0,0,0.686,0.0591,0.902,0.0,0.333,-2.657,0.034,130.02,4,0.901
23,Flamingo,STRAY SHEEP,Kenshi Yonezu,2020-08-05,196386,1,7,1,0.76,0.165,0.668,0.0,0.0917,-6.0,0.0546,114.075,4,0.913
24,パプリカ,パプリカ,Foorin,2018-08-13,208346,1,11,1,0.748,0.137,0.773,0.0,0.771,-5.04,0.0419,100.986,4,0.733
25,かつて天才だった俺たちへ,かつて天才だった俺たちへ,Creepy Nuts,2020-08-26,214080,58,9,0,0.789,0.0567,0.893,0.0,0.0766,-1.74,0.0446,105.005,4,0.732
26,"Into the Unknown - From ""Frozen 2""","Into the Unknown (From ""Frozen 2"")",Takako Matsu,2019-11-15,194866,0,1,1,0.357,0.845,0.38,1.98e-05,0.133,-7.733,0.0453,94.226,4,0.345
27,ただ君に晴れ,負け犬にアンコールはいらない,ヨルシカ,2018-05-09,198971,67,5,1,0.679,0.343,0.834,5.74e-06,0.119,-3.223,0.032,139.996,4,0.962
28,打上花火,THANK YOU BLUE,Daoko,2017-12-20,289577,63,6,1,0.625,0.288,0.668,0.0,0.107,-4.315,0.0249,95.968,4,0.292
29,U.S.A.,THANX!!!!!!! Neo Best of DA PUMP,DA PUMP,2018-12-12,239133,41,7,1,0.71,0.0144,0.988,0.0,0.102,-1.594,0.0641,139.56,4,0.929
30,インフルエンサー,生まれてから初めて見た夢 (Complete Edition),Nogizaka46,2017-05-24,270093,0,6,1,0.554,0.555,0.853,0.0,0.314,-3.761,0.0439,132.151,4,0.651
31,インフェルノ,Attitude,Mrs. GREEN APPLE,2019-10-01,211600,67,4,1,0.533,0.00894,0.918,0.0,0.643,-2.095,0.0616,92.504,4,0.662
32,サイレントマジョリティー,真っ白なものは汚したくなる (Complete Edition),Keyakizaka46,2017-07-19,265826,0,1,1,0.583,0.261,0.952,0.0,0.314,-2.491,0.0797,123.015,4,0.81
33,シグナル,Everybody!!,WANIMA,2018-01-17,219530,58,8,1,0.562,0.00419,0.935,0.0,0.322,-2.365,0.0525,97.513,4,0.655
34,クリスマスソング,シャンデリア,back number,2015-12-09,340080,62,4,1,0.404,0.128,0.705,0.0,0.123,-3.324,0.0315,154.02,4,0.42
35,Remember Me,Remember Me,MAN WITH A MISSION,2019-05-06,288900,0,0,1,0.542,0.00393,0.848,0.0,0.0848,-4.302,0.0496,125.991,4,0.381
36,新宝島,魚図鑑,Sakanaction,2018-03-28,302493,54,7,0,0.557,0.00118,0.917,0.00914,0.419,-3.426,0.0757,158.0,4,0.653
37,カタオモイ,daydream,Aimer,2016-09-21,207360,1,1,1,0.621,0.78,0.533,0.0,0.333,-5.974,0.0342,96.981,4,0.791
38,Wasted Nights,Eye of the Storm,ONE OK ROCK,2019-02-13,224773,58,5,1,0.569,0.0175,0.824,0.0,0.0727,-5.287,0.041,125.053,4,0.385
39,us,us,milet,2019-08-19,254813,0,6,1,0.573,0.0399,0.778,0.0,0.0705,-4.363,0.0382,123.826,4,0.173
40,115万キロのフィルム,エスカパレード,Official HIGE DANdism,2018-04-11,324633,72,3,1,0.516,0.00345,0.791,0.0,0.141,-1.927,0.0318,96.921,4,0.48
41,会いたいよ,会いたいよ,手塚 翔太,2019-07-07,252066,0,2,1,0.476,0.405,0.529,0.0,0.0776,-4.996,0.0283,137.987,4,0.149
42,ワタリドリ,ALXD,[Alexandros],2015-06-17,248706,65,9,1,0.508,0.00141,0.964,0.0,0.197,-4.077,0.0831,134.982,4,0.609
43,ヒカリヘ,Delight,miwa,2013-05-22,292306,0,7,1,0.565,0.325,0.902,2.94e-05,0.505,-2.556,0.0316,132.018,4,0.372
44,私以外私じゃないの,両成敗,Gesu No Kiwami Otome,2016-01-13,232613,51,0,0,0.668,0.0851,0.907,0.000172,0.0943,-2.995,0.0478,136.009,4,0.748
45,世界はあなたに笑いかけている,FLAVA,Little Glee Monster,2019-01-16,232773,0,8,1,0.789,0.434,0.888,0.0,0.155,-3.024,0.101,120.957,4,0.763
46,かくれんぼ,かくれんぼ,優里,2019-12-01,271093,71,9,1,0.671,0.417,0.505,0.0,0.124,-7.575,0.0629,156.019,4,0.311
47,Never Grow Up,Never Grow Up,CHANMINA,2019-08-07,196253,61,10,1,0.805,0.145,0.858,2.66e-05,0.0686,-4.532,0.059,105.021,4,0.483
48,恋音と雨空,AAA Special Live 2016 in Dome -FANTASTIC OVER- SET LIST,AAA,2017-01-18,316186,50,1,1,0.625,0.0512,0.86,0.0,0.408,-4.456,0.0314,129.064,4,0.533
49,君がくれた夏,WE,Leo Ieiri,2016-07-06,258680,57,1,1,0.51,0.31,0.615,0.0,0.117,-4.207,0.0283,169.814,4,0.463
50,紅蓮の弓矢,進撃の軌跡,Linked Horizon,2017-05-17,310680,37,1,0,0.455,0.0232,0.952,5.65e-05,0.0662,-6.382,0.0787,90.365,4,0.332
51,アイノカタチ,Life is going on and on,MISIA,2018-12-26,262693,0,6,1,0.39,0.0241,0.654,0.0,0.196,-6.247,0.0335,180.043,4,0.304
52,恋,POP VIRUS,Gen Hoshino,2018-12-19,251266,57,9,1,0.598,0.00081,0.819,0.0,0.218,-2.619,0.0911,158.115,4,0.878
53,STAY TUNE,THE KIDS,Suchmos,2017-01-25,297333,1,5,1,0.681,0.0288,0.938,0.000264,0.0634,-4.246,0.0557,122.991,4,0.6
54,Wherever you are,Nicheシンドローム,ONE OK ROCK,2010-06-09,295600,62,4,1,0.379,0.0286,0.69,0.0,0.335,-4.79,0.0549,173.716,4,0.288
55,愛のままに,切愛,BASI,2019-06-26,266333,52,11,0,0.846,0.819,0.568,0.000204,0.0989,-7.443,0.0461,94.659,4,0.853
56,HANABI,SUPERMARKET FANTASY,Mr.Children,2008-12-10,342773,0,1,1,0.638,0.156,0.766,0.0,0.124,-5.541,0.0268,112.0,4,0.595
57,高嶺の花子さん,ラブストーリー,back number,2014-03-26,294813,64,9,1,0.54,0.066,0.923,0.0,0.124,-2.838,0.0623,137.977,4,0.343
58,合法的トビ方ノススメ,INDIES COMPLETE,Creepy Nuts,2018-07-25,240328,56,6,1,0.737,0.791,0.971,0.0,0.358,-3.292,0.21,133.032,4,0.777
59,君はロックを聴かない,青春のエキサイトメント,Aimyon,2017-09-12,246306,62,7,1,0.524,0.00135,0.687,0.0,0.169,-4.039,0.0267,99.919,4,0.619
60,I LOVE...,I LOVE...,Official HIGE DANdism,2020-02-12,282026,61,9,1,0.54,0.0171,0.706,0.0,0.225,-5.235,0.0543,172.021,4,0.385
61,さよならエレジー,PLAY(Special Edition),Masaki Suda,2018-03-21,257066,1,1,1,0.466,0.00331,0.934,0.0,0.277,-2.736,0.0539,154.961,4,0.615
62,ハッピーエンド,アンコール,back number,2016-12-28,314146,60,6,0,0.359,0.047,0.648,2.43e-06,0.16,-3.36,0.0373,78.308,4,0.336
63,レット・イット・ゴー~ありのままで~ - Japanese Version,Let It Go The Complete Set (From “Frozen”),Various Artists,2014-01-01,223893,30,8,1,0.533,0.608,0.49,0.0,0.131,-6.895,0.029,137.158,4,0.306
64,飛行艇,CEREMONY,King Gnu,2020-01-15,260893,1,1,1,0.475,0.0711,0.841,0.0,0.357,-2.94,0.0446,79.936,4,0.469
65,女々しくて,ザ・ゴールデンベスト~Pressure~,GOLDEN BOMBER,2010-01-06,248360,47,6,0,0.425,0.0181,0.789,0.0,0.367,-3.226,0.0469,143.004,4,0.616
66,ボイスメモ No. 5,ボイスメモ No. 5,CHANMINA,2020-01-17,163040,56,8,1,0.736,0.0795,0.666,1.89e-05,0.332,-4.503,0.0417,109.958,4,0.22
67,Dragon Night,Tree,SEKAI NO OWARI,2015-01-14,229293,56,10,1,0.616,0.0342,0.825,8.7e-06,0.405,-4.349,0.125,124.013,4,0.548
68,さよならごっこ,さよならごっこ,amazarashi,2019-02-13,270880,0,6,0,0.62,0.379,0.716,0.0,0.176,-5.07,0.0791,146.977,4,0.6
69,ODD FUTURE,ALL TIME BEST -FAN BEST- (EXTRA EDITION),UVERworld,2018-07-18,225906,0,0,0,0.694,0.015,0.795,0.0,0.114,-4.649,0.0916,128.036,4,0.561
70,明日はきっといい日になる,高橋優 BEST 2009-2015『笑う約束』,Yu Takahashi,2015-07-22,292000,50,6,1,0.511,0.0844,0.925,0.0,0.146,-2.479,0.0463,105.702,4,0.74
71,心臓を捧げよ!,進撃の軌跡,Linked Horizon,2017-05-17,341413,46,0,1,0.44,0.22,0.983,0.0,0.26,-4.36,0.0868,159.968,4,0.203
72,恋人失格,失恋スクラップ,Koresawa,2020-01-15,298373,42,8,1,0.611,0.134,0.526,0.0,0.115,-5.802,0.0243,89.035,4,0.309
73,THE GIFT,THE GIFT,HIRAIDAI,2019-07-30,303096,51,1,1,0.444,0.337,0.523,0.0,0.113,-4.522,0.0286,185.872,3,0.42
74,inside you,inside you EP,milet,2019-03-04,221146,1,7,1,0.473,0.00829,0.657,0.0,0.0815,-4.252,0.0302,149.961,4,0.292
75,AM11:00,Street Story,HY,2003-04-16,319160,55,9,1,0.601,0.035,0.688,0.0,0.0978,-5.255,0.0288,98.015,4,0.252
76,Aurora,aurora arc,BUMP OF CHICKEN,2019-07-10,279193,51,10,1,0.541,0.018,0.885,0.0,0.219,-3.832,0.0444,129.95,4,0.467
77,宿命,Traveler,Official HIGE DANdism,2019-09-11,280856,59,5,1,0.547,0.0152,0.577,0.0,0.109,-6.087,0.0336,164.032,4,0.494
78,栞,泣きたくなるほど嬉しい日々に,Creep Hyp,2018-09-26,261546,58,6,1,0.505,0.0117,0.883,0.0,0.0578,-3.094,0.0481,100.496,4,0.666
79,ユーモア,Ceremony,King Gnu,2020-01-15,207426,31,10,0,0.729,0.805,0.731,4.6e-05,0.242,-6.325,0.0911,105.06,4,0.737
80,明日も,SHISHAMO 4,SHISHAMO,2017-02-22,369320,57,1,1,0.415,0.0142,0.857,0.0,0.0772,-1.696,0.048,178.919,4,0.663
81,サウダージ,PORNO GRAFFITTI BEST RED'S,PornoGraffitti,2004-07-28,261239,0,4,0,0.616,0.0508,0.96,0.0,0.341,-4.558,0.0508,119.921,4,0.706
82,空に歌えば,地方都市のメメント・モリ,amazarashi,2017-12-13,217626,0,6,0,0.593,0.0142,0.951,1.13e-06,0.0961,-1.335,0.0697,102.04,4,0.64
83,点描の唄,青と夏,Mrs. GREEN APPLE,2018-07-31,307066,71,0,1,0.502,0.447,0.632,0.0,0.103,-4.612,0.0273,152.014,4,0.308
84,Walking with you,SKYWALK,Novelbright,2018-10-03,223186,68,7,1,0.422,0.00585,0.969,0.0,0.533,-0.824,0.0591,92.524,4,0.496
85,ハレルヤ,23,Rude-α,2020-03-04,233533,31,7,1,0.67,0.139,0.677,0.0,0.0565,-6.212,0.303,169.818,4,0.875
86,Sing Out!,Sing Out! (Special Edition),Nogizaka46,2019-05-22,325560,0,11,1,0.52,0.489,0.822,2.38e-06,0.326,-4.515,0.0367,89.957,4,0.7
87,傘,Ceremony,King Gnu,2020-01-15,203213,31,10,1,0.709,0.374,0.88,0.0,0.0459,-4.322,0.0487,105.084,4,0.687
88,Closer - Tokyo Remix,World War Joy (Japan Edition),The Chainsmokers,2020-02-19,246786,50,8,1,0.723,0.308,0.539,0.0,0.109,-5.149,0.0391,95.001,4,0.635
89,Baby,note-book -u.-,CHANMINA,2020-02-19,189573,39,11,0,0.726,0.0113,0.739,0.0,0.355,-4.567,0.0388,102.997,4,0.164
90,ハルノヒ,ハルノヒ,Aimyon,2019-04-03,326866,54,9,1,0.591,0.263,0.673,0.0,0.109,-2.445,0.0294,106.956,4,0.525
91,トリコ,トリコ / Relax & Chill,Nissy,2018-09-30,232439,56,2,1,0.632,0.0855,0.799,0.0,0.061,-3.436,0.036,90.016,4,0.719
92,ボーイフレンド,まとめⅡ,aiko,2011-02-23,287386,33,2,1,0.761,0.244,0.848,7.71e-06,0.363,-4.204,0.0358,120.072,4,0.634
93,アゲイン,COMINATCHA!!,WANIMA,2019-10-23,214088,52,7,1,0.486,0.000272,0.949,0.0,0.188,-2.397,0.0565,97.268,4,0.358
94,真夏の夜の匂いがする,真夏の夜の匂いがする,Aimyon,2019-07-19,233306,42,9,1,0.474,0.0566,0.86,3.57e-06,0.14,-2.022,0.0921,202.937,4,0.729
95,Vinyl,Tokyo Rendez-Vous,King Gnu,2017-10-27,294386,29,1,1,0.661,0.0597,0.892,0.0,0.174,-3.83,0.111,90.018,4,0.728
96,さらしもの (feat. PUNPEE),Same Thing,Gen Hoshino,2019-10-14,230600,48,1,1,0.816,0.0487,0.586,8.06e-06,0.0887,-5.744,0.211,154.092,4,0.606
97,たばこ,コレカラー,Koresawa,2017-08-09,374600,52,5,1,0.666,0.864,0.322,0.0,0.336,-8.298,0.0314,148.151,4,0.25
98,優しいあの子,見っけ,SPITZ,2019-10-09,204466,53,2,1,0.56,0.224,0.846,0.0,0.148,-4.054,0.03,102.045,4,0.565
99,キュン,キュン (Special Edition),Hinatazaka46,2019-03-27,300573,0,4,1,0.609,0.673,0.961,0.0,0.337,-1.106,0.0823,128.892,4,0.614
100,Hug,Hug,空音,2019-08-21,184728,60,1,0,0.727,0.871,0.83,0.0,0.0907,-3.129,0.164,91.859,4,0.839
101,シンクロニシティ,今が思い出になるまで (Complete Edition),Nogizaka46,2019-04-17,254893,0,0,1,0.567,0.615,0.923,0.0,0.0567,-3.607,0.0409,135.918,4,0.504
102,空の青さを知る人よ,空の青さを知る人よ,Aimyon,2019-09-13,304933,46,7,1,0.574,0.18,0.714,0.0,0.31,-1.969,0.0329,107.985,4,0.633
103,すきにやる,ZIP ROCK STAR,HENTAI SHINSHI CLUB,2017-11-20,217037,0,1,1,0.7,0.149,0.69,0.0,0.156,-7.016,0.0907,93.132,4,0.71
104,だから僕は音楽を辞めた,だから僕は音楽を辞めた,ヨルシカ,2019-04-10,242912,64,4,1,0.65,0.36,0.88,0.00369,0.23,-5.326,0.0283,124.985,4,0.921
105,カワキヲアメク,カワキヲアメク,美波,2019-01-30,251933,73,6,0,0.541,0.0122,0.846,0.000149,0.163,-2.729,0.0551,129.138,4,0.524
106,火炎,火炎(Full Edition),QUEEN BEE,2019-01-30,215973,0,11,0,0.52,0.034,0.933,2.13e-05,0.33,-4.874,0.18,169.839,4,0.604
107,PORSCHEでKISS,PORSCHEでKISS,t-Ace,2019-03-20,198900,50,7,1,0.729,0.0126,0.646,2.24e-06,0.259,-5.008,0.0355,99.989,4,0.565
108,別の人の彼女になったよ,群青リフレイン,wacci,2018-11-07,304813,1,2,1,0.528,0.0299,0.617,0.0,0.334,-5.07,0.0263,72.023,4,0.497
109,コイワズライ,Sun Dance,Aimer,2019-04-09,235160,1,10,1,0.675,0.3,0.5,0.0,0.312,-5.825,0.0258,93.917,4,0.773
110,令和,令和,GOLDEN BOMBER,2019-04-01,241680,37,7,0,0.573,0.0939,0.955,0.0,0.336,-3.352,0.135,142.021,4,0.619
111,憧憬と屍の道 [TV Size],憧憬と屍の道 [TV Size],Linked Horizon,2019-04-30,90090,26,0,0,0.408,0.226,0.943,0.0,0.352,-4.579,0.0913,178.076,4,0.807
112,Take It Easy,SACULA,WILYWNKA,2018-09-19,229416,47,4,1,0.863,0.616,0.762,0.0,0.108,-3.531,0.0993,99.966,4,0.642
113,#302,#302,Ken Hirai,2019-10-25,268866,0,0,1,0.402,0.797,0.347,0.0,0.23,-7.008,0.0339,78.689,4,0.534
114,願い,願い,sumika,2019-11-16,314186,0,2,1,0.553,0.0588,0.837,0.0,0.103,-5.343,0.0296,91.004,4,0.74
115,そっけない,ANTI ANTI GENERATION,RADWIMPS,2018-12-12,389466,60,0,1,0.626,0.594,0.399,0.0,0.101,-7.304,0.0363,109.916,4,0.184
116,Blizzard,Blizzard,Daichi Miura,2018-11-09,310666,55,1,1,0.64,0.025,0.785,0.000147,0.105,-4.111,0.0448,140.016,4,0.353
117,今夜このまま,瞬間的シックスセンス,Aimyon,2019-02-13,238093,57,1,1,0.441,0.0254,0.852,0.0,0.0862,-3.595,0.0383,104.855,4,0.64
118,Turning Up,Turning Up,ARASHI,2019-11-03,182633,52,1,1,0.769,0.0225,0.817,1.03e-06,0.244,-5.409,0.103,118.021,4,0.896
119,Paris,KOHH Complete Collection 3 (「YELLOW TAPE 3」より),KOHH,2017-05-19,161558,16,9,0,0.75,0.0757,0.774,0.0754,0.267,-5.08,0.0316,120.039,4,0.603
120,黒い羊,黒い羊 (Special Edition),Keyakizaka46,2019-02-27,307600,0,1,0,0.506,0.559,0.943,0.0,0.565,-2.869,0.0855,102.96,4,0.399
121,Let me Know,LA LA PALOOZA,Typewriter,2017-02-15,252007,27,8,1,0.633,0.109,0.901,0.0,0.127,-4.777,0.12,79.996,4,0.125
122,どろん,Ceremony,King Gnu,2020-01-15,182853,34,8,1,0.579,0.303,0.945,0.0,0.318,-1.669,0.0474,120.057,4,0.576
123,青と夏,Attitude,Mrs. GREEN APPLE,2019-10-01,270026,63,4,1,0.31,0.00157,0.891,0.0,0.284,-1.66,0.0469,184.886,4,0.748
124,韻波句徒,BEST,CHEHON,2016-05-25,291440,0,10,0,0.806,0.408,0.863,0.0,0.0755,-2.679,0.0518,122.03,4,0.928
125,小さな惑星,Ceremony,King Gnu,2020-01-15,151773,24,11,1,0.615,0.0797,0.953,0.0186,0.198,-2.996,0.0544,119.947,4,0.766
126,あの頃のラブソングは捨てて,あの頃のラヴソングは捨てて,Mr.ふぉるて,2019-12-25,276405,0,5,0,0.43,0.000353,0.92,0.00132,0.376,-4.193,0.0361,93.953,4,0.734
127,Picky,Picky,CHANMINA,2020-02-07,171573,41,1,1,0.839,0.0606,0.663,5.04e-05,0.118,-5.103,0.0496,85.463,4,0.497
128,春を告げる,春を告げる,yama,2020-04-17,196497,71,11,1,0.548,0.0397,0.871,0.0,0.357,-5.377,0.123,120.009,4,0.487
129,202 feat. 泉まくら - New Mix,LSC,Lovely Summer Chan,2016-11-02,330933,49,8,1,0.794,0.526,0.501,0.00111,0.0894,-8.837,0.0356,90.013,4,0.542
130,黄昏サラウンド,MASTERPIECE,RIP SLYME,2004-11-03,337973,44,11,1,0.75,0.447,0.759,7.01e-05,0.179,-6.364,0.031,105.007,4,0.823
131,Stand By You,Traveler,Official HIGE DANdism,2019-09-11,256131,46,1,1,0.609,0.00864,0.869,0.0,0.283,-5.129,0.0422,154.024,4,0.626
132,by her feat. 茂千代,Salve,KID FRESINO,2017-01-23,237533,0,7,1,0.678,0.767,0.305,0.0725,0.0879,-8.843,0.102,86.578,4,0.269
133,偽愛,ジャーニー,Mr.ふぉるて,2019-12-25,252013,0,0,1,0.475,1.9e-05,0.774,4.72e-06,0.226,-4.723,0.0293,97.01,4,0.362
134,Easy Breezy,Easy Breezy,chelmico,2020-01-17,208375,50,2,1,0.655,0.507,0.993,0.0,0.392,-2.026,0.0862,93.021,4,0.62
135,夕暮れに映して,From DROPOUT,Kiro Akiyama,2020-03-03,218080,0,1,1,0.535,0.000108,0.876,0.106,0.147,-2.657,0.0354,110.048,4,0.601
136,HIP,reality in BLACK,MAMAMOO,2019-11-22,195305,56,3,0,0.784,0.0406,0.726,4.03e-05,0.0857,-4.606,0.136,138.033,4,0.825
137,長く短い祭,長く短い祭 / 神様、仏様,Sheena Ringo,2015-07-31,249546,61,2,0,0.614,0.0567,0.788,0.0472,0.221,-3.808,0.112,124.876,4,0.778
138,愛を伝えたいだとか,青春のエキサイトメント,Aimyon,2017-09-12,235240,58,2,1,0.673,0.0345,0.85,1.14e-05,0.0943,-5.021,0.0337,100.008,4,0.793
139,前前前世 - movie ver.,君の名は。,RADWIMPS,2016-08-24,284240,52,11,1,0.325,0.00047,0.906,0.0,0.0912,-3.979,0.137,189.878,4,0.585
140,PLAYBOY,Sounds Good,CREAM,2018-09-19,200268,50,5,1,0.855,0.106,0.657,0.0,0.0803,-4.856,0.0599,99.037,4,0.669
141,ミュージック・アワー,PORNO GRAFFITTI BEST RED'S,PornoGraffitti,2004-07-28,275866,0,0,1,0.623,0.0816,0.971,0.0,0.562,-4.156,0.0552,134.952,4,0.912
142,One of these nights - feat. Jua,STRANDED,VivaOla,2020-06-17,234857,40,6,1,0.779,0.226,0.563,0.000301,0.0798,-7.385,0.0654,105.01,4,0.706
143,Fanfare,Fanfare,TWICE,2020-07-08,220240,43,6,1,0.669,0.0302,0.956,9.78e-06,0.0764,-2.49,0.126,114.922,4,0.81
144,遠心,遠心,Macaroni Empitsu,2019-11-21,217611,30,1,0,0.625,0.0956,0.893,0.0,0.122,-3.047,0.0625,134.008,4,0.741
145,ベランダ,HOUSE,yonige,2018-10-03,150266,26,2,1,0.604,0.426,0.461,0.0,0.0856,-9.288,0.0289,87.561,4,0.359
146,Asian Doll,Mobb Life,BAD HOP,2017-09-06,286879,51,3,0,0.767,0.0182,0.69,0.0,0.118,-4.711,0.0582,140.051,4,0.294
147,イエスタデイ,Traveler,Official HIGE DANdism,2019-09-11,299164,58,6,1,0.541,0.0442,0.8,0.0,0.398,-3.687,0.0382,129.939,4,0.56
148,Letter,Tragicomedy,SHE'S,2020-07-01,262386,55,1,1,0.605,0.271,0.647,0.359,0.108,-6.679,0.0245,112.038,4,0.495
149,アボカド,Coming Spring,yonige,2015-08-19,212773,48,2,1,0.535,0.00333,0.918,1.51e-06,0.37,-3.543,0.0512,142.068,4,0.533
150,swim,CAVU,04 Limited Sazabys,2015-04-01,207000,49,9,1,0.457,0.00132,0.944,1.37e-05,0.379,-2.687,0.0782,97.508,4,0.636
151,甘えちゃってSorry,甘えちゃってSorry,AYA A.K.A PANDA,2017-11-01,182668,53,8,1,0.74,0.0618,0.592,0.0,0.065,-8.159,0.239,140.043,4,0.747
152,欲望に満ちた青年団,ゼイタクビョウ,ONE OK ROCK,2007-11-21,202200,59,11,1,0.554,0.0479,0.752,0.0,0.364,-5.473,0.0303,87.985,4,0.694
153,大阪LOVER,大阪LOVER,DREAMS COME TRUE,2007-01-01,266560,60,4,0,0.745,0.00554,0.727,0.0,0.375,-4.902,0.0268,129.703,4,0.546
154,Love Is Over,chelmico,chelmico,2016-10-19,220826,31,7,1,0.884,0.129,0.738,0.0,0.154,-7.735,0.0716,112.005,4,0.654
155,踊らせないで,踊らせないで,eill,2020-07-01,227161,0,11,1,0.736,0.0285,0.705,0.0,0.0725,-5.816,0.0312,106.99,4,0.84
156,a.m.3:21,a.m.3:21,yama,2020-08-12,208409,57,5,0,0.634,0.295,0.736,0.00011,0.215,-5.006,0.109,110.169,4,0.752
157,Dream,Dream,HIRAIDAI,2013-07-24,197600,52,10,1,0.699,0.00359,0.931,0.0,0.33,-3.834,0.065,129.006,4,0.783
158,ピースサイン,BOOTLEG,Kenshi Yonezu,2017-11-01,238533,0,10,0,0.593,0.00221,0.935,0.0,0.315,-3.853,0.0684,100.003,4,0.618
159,Man&Woman,evergreen,My Little Lover,1995-12-05,305666,44,0,1,0.635,0.136,0.797,0.000112,0.192,-7.182,0.0332,102.079,4,0.576
160,僕のこと,Attitude,Mrs. GREEN APPLE,2019-10-01,321306,62,7,1,0.439,0.0129,0.708,0.0,0.147,-3.825,0.0528,160.027,4,0.454
161,planet tree,Mr.mind,空音,2019-07-03,196000,28,0,1,0.493,0.218,0.743,0.0,0.699,-6.173,0.102,110.493,3,0.325
162,Wonderland,Shade,iri,2019-03-06,224786,56,0,1,0.724,0.325,0.829,0.000979,0.0855,-5.759,0.033,95.006,4,0.528
163,HONEY,NEO,RIRI,2018-11-28,187120,0,2,0,0.493,0.0579,0.753,0.0,0.219,-3.352,0.0514,99.812,4,0.409
164,貴方解剖純愛歌〜死ね〜,tamago,Aimyon,2015-08-05,266520,55,7,1,0.422,0.0028,0.918,0.0,0.0409,-3.347,0.069,168.029,4,0.469
165,ジェットコースターラブ,ジェットコースターラブ,KARA,2011-01-01,220600,26,0,1,0.73,0.0553,0.887,2.78e-05,0.0717,-3.031,0.0617,127.006,4,0.65
166,未完成,未完成,Leo Ieiri,2020-01-29,240546,58,7,1,0.66,0.163,0.722,0.0,0.306,-3.525,0.0344,90.116,4,0.425
167,たぶん,たぶん,YOASOBI,2020-07-20,258666,70,5,1,0.747,0.146,0.666,0.000912,0.0981,-6.395,0.0324,90.008,4,0.731
168,Lukewarm,Lukewarm,satomoka,2018-03-14,256453,50,2,1,0.669,0.537,0.408,1.12e-05,0.165,-7.809,0.0273,94.989,4,0.496
169,G,G,DREAMS COME TRUE,2020-02-19,285306,35,7,1,0.604,0.0478,0.964,1.96e-05,0.32,-4.651,0.0471,111.975,4,0.777
170,よふかしのうた,よふかしのうた,Creepy Nuts,2018-12-12,237913,54,5,0,0.746,0.188,0.976,0.0,0.353,-3.123,0.187,115.048,4,0.912
171,READY GO,Lesson 1,E-girls,2013-04-17,222733,14,7,1,0.678,0.116,0.926,1.01e-06,0.147,-2.547,0.0665,123.003,4,0.689
172,Under the Sea,Disney Island Music,HIRAIDAI,2014-06-04,194013,53,0,1,0.661,0.046,0.836,0.0,0.429,-3.946,0.089,102.073,4,0.932
173,神様はじめました,十戒クイズ,Hanae,2013-11-27,204133,43,11,0,0.67,0.303,0.831,0.0,0.0727,-6.251,0.0338,145.924,4,0.779
174,パンナコッタ&ラズベリー - Remix,インビジブルガールズ,Akusa,2020-08-12,222861,28,11,0,0.925,0.7,0.396,0.0,0.0997,-7.69,0.21,95.99,4,0.83
175,ヘルレイザー,かつて天才だった俺たちへ,Creepy Nuts,2020-08-26,224546,44,6,0,0.653,0.169,0.978,0.0,0.309,-1.965,0.113,144.012,4,0.922
176,Slow & Easy,Slow & Easy,HIRAIDAI,2015-05-06,215120,60,0,1,0.663,0.634,0.807,0.0,0.0972,-4.229,0.0441,77.971,4,0.767
177,Chocolate,CHOCOLATE,CHANMINA,2017-11-15,182466,53,0,1,0.795,0.0614,0.742,2.64e-06,0.0669,-4.722,0.0556,92.002,4,0.267
178,Shukumei,Traveler,Official HIGE DANdism,2019-08-31,280856,48,5,1,0.547,0.0152,0.577,0.0,0.109,-6.087,0.0336,164.032,4,0.494
179,恋人ごっこ,hope,Macaroni Empitsu,2020-04-01,200219,65,1,1,0.438,0.124,0.646,0.0,0.0603,-5.301,0.0361,102.033,4,0.745
180,いつか,カントリーロード,Saucy Dog,2017-05-24,274871,61,7,1,0.603,0.0941,0.509,0.0,0.201,-4.535,0.0263,79.989,4,0.445
181,Prince,SICKSTEEN,SANARI,2019-06-05,249659,54,9,1,0.802,0.224,0.838,0.0,0.0852,-5.172,0.0512,99.989,4,0.675
182,TOKYO GIRL - Remastered,Future Pop,Perfume,2018-08-15,267386,41,2,1,0.728,0.222,0.915,0.153,0.0831,-3.13,0.0339,127.97,4,0.659
183,ラブリー,LIFE,Ozawa Kenji,1994-08-31,440940,46,4,1,0.692,0.112,0.712,0.0,0.0614,-7.643,0.119,89.935,4,0.912
184,LOVE (Prod by jjj),Somewhere,C.O.S.A.,2016-07-20,219652,0,6,1,0.632,0.245,0.846,0.0,0.202,-5.099,0.303,89.06,4,0.833
185,ふたりの世界,青春のエキサイトメント,Aimyon,2017-09-12,287866,51,9,1,0.365,0.015,0.748,0.0,0.106,-5.066,0.0387,197.951,4,0.509
186,We Are Never Ever Getting Back Together,Red (Big Machine Radio Release Special),Taylor Swift,2012-10-22,193146,77,7,1,0.628,0.00957,0.676,2.65e-05,0.121,-5.911,0.0916,85.984,4,0.75
187,水星(Young & Fresh mix) feat. 仮谷せいら,水星,tofubeats,2012-07-11,273600,0,11,1,0.817,0.0867,0.556,0.000279,0.0911,-7.116,0.0361,99.986,4,0.381
188,フィクション,Chime,sumika,2019-03-13,233253,59,2,1,0.658,0.144,0.94,0.0,0.104,-2.427,0.0339,122.992,4,0.694
189,ぎゅっと。,ぎゅっと。,もさを。,2020-07-27,269746,63,4,1,0.773,0.814,0.363,0.0,0.103,-7.304,0.0383,119.994,4,0.774
190,Life Goes on,Life Goes on,Represent chikyu,2020-03-10,243000,0,8,1,0.835,0.654,0.832,0.0,0.063,-2.139,0.0313,104.999,4,0.846
191,恋するフォーチュンクッキー,次の足跡 Type A <初回限定盤>,AKB48,2014-01-22,285186,49,2,1,0.681,0.259,0.936,1.53e-06,0.32,-3.551,0.0471,121.986,4,0.924
192,Made my day,Jasmine,tubakiii,2017-04-19,255000,0,7,1,0.772,0.665,0.41,0.0,0.132,-6.243,0.41,80.018,4,0.942
193,ハッピーウェディング前ソング,Galaxy of the Tank-top,Yabai T-Shirts Yasan,2018-01-10,229093,55,6,0,0.49,0.0883,0.991,0.000271,0.262,-1.474,0.19,91.586,4,0.198
194,あいにいきたい,あいにいきたい,TELE-PLAY,2020-06-30,200592,39,11,1,0.737,0.0365,0.516,8.7e-06,0.142,-7.419,0.0347,91.782,4,0.784
195,Girl feat. kojikoji,19FACT,空音,2020-06-24,228333,44,8,1,0.872,0.571,0.584,0.0,0.672,-8.241,0.356,140.026,4,0.896
196,All I Want For Christmas Is You (SuperFestive!),Under The Mistletoe (Deluxe Edition),Justin Bieber,2011-01-01,240333,31,9,0,0.576,0.306,0.911,0.0,0.434,-5.318,0.064,149.998,4,0.401
197,FLOATIN',GODBREATH BUDDHACESS,舐達麻,2019-08-31,310000,47,7,1,0.809,0.721,0.706,7.34e-06,0.12,-7.161,0.407,89.522,4,0.752
198,Break My Heart,Future Nostalgia,Dua Lipa,2020-03-27,221820,80,4,0,0.73,0.167,0.729,1.39e-06,0.349,-3.434,0.0884,113.011,4,0.467
199,Routine,Chilly Source Compile Vol.1,Various Artists,2018-11-14,219893,39,1,0,0.766,0.0995,0.824,0.0,0.14,-6.742,0.211,92.965,4,0.745
200,秒針を噛む,潜潜話,ZUTOMAYO,2019-10-29,260800,61,1,0,0.655,0.0197,0.962,5.56e-06,0.253,-3.055,0.0443,129.902,4,0.775
201,CHEERS,Attitude,Mrs. GREEN APPLE,2019-10-01,198813,56,7,1,0.636,0.072,0.807,0.0,0.265,-3.762,0.0509,133.049,4,0.594
202,惑星ループ,OFFICIAL NUMBER,Eve,2016-10-19,207504,52,10,1,0.439,5.73e-05,0.803,3.06e-05,0.08,-4.707,0.0362,169.907,4,0.304
203,SUN,YELLOW DANCER,Gen Hoshino,2015-12-02,241466,56,1,1,0.782,0.021,0.684,0.0,0.125,-5.774,0.0398,108.171,4,0.858
204,"Merry Go Round feat. BASI, 唾奇, VIGORMAN & WILYWNKA","Merry Go Round feat. BASI, 唾奇, VIGORMAN & WILYWNKA",GeG,2019-07-19,354981,0,10,0,0.653,0.641,0.642,9.19e-06,0.215,-7.544,0.0516,80.006,4,0.688
205,ロマンチシズム,Attitude,Mrs. GREEN APPLE,2019-10-01,213613,59,10,1,0.598,0.0038,0.878,0.0,0.0468,-3.144,0.0634,125.529,4,0.901
206,ドラマ,TEN,C&K,2019-03-20,275173,53,8,1,0.695,0.00614,0.826,1.49e-05,0.155,-4.685,0.0949,154.87,4,0.814
207,Lovers,アンサーパレード,sumika,2016,250800,1,11,1,0.608,0.0702,0.923,0.0,0.298,-2.057,0.0305,114.472,4,0.769
208,祈り花,祈り花,HIRAIDAI,2011-10-19,263480,60,8,1,0.413,0.202,0.706,0.0,0.147,-2.416,0.0369,87.503,4,0.58
209,Blinding Lights,After Hours,The Weeknd,2020-03-20,200040,92,1,1,0.514,0.00146,0.73,9.54e-05,0.0897,-5.934,0.0598,171.005,4,0.334
210,NEW VALUE,NEW VALUE,Ryofu Karuma,2020-01-07,219733,10,2,1,0.719,0.0488,0.457,0.0,0.131,-10.129,0.51,162.144,4,0.105
211,Lovesick Girls,THE ALBUM,BLACKPINK,2020-10-02,194765,75,6,1,0.654,0.00559,0.707,0.0,0.0873,-5.661,0.0664,127.97,4,0.448
212,Mela!,Mela!,Ryokuoushoku Shakai,2020-04-13,242066,1,8,1,0.619,0.0439,0.941,1.73e-05,0.318,-1.618,0.0584,137.967,4,0.624
213,アイデア,POP VIRUS,Gen Hoshino,2018-12-19,280666,55,10,1,0.478,0.00197,0.606,0.0,0.33,-4.158,0.217,174.208,4,0.638
214,真っ青,真っ青,Ryofu Karuma,2019-08-27,207616,16,7,1,0.685,0.364,0.661,0.0,0.109,-5.517,0.306,180.058,4,0.565
215,ノーダウト,エスカパレード,Official HIGE DANdism,2018-04-11,202394,63,2,1,0.574,0.0585,0.936,0.0,0.336,-3.185,0.0701,149.954,4,0.792
216,silent,silent,SEKAI NO OWARI,2020-10-21,308921,59,0,1,0.43,0.434,0.62,0.0,0.209,-5.274,0.0419,176.14,4,0.424
217,廻廻奇譚,廻廻奇譚,Eve,2020-10-03,219234,61,5,0,0.565,0.0128,0.919,0.0,0.292,-3.378,0.0898,92.325,4,0.565
218,猫,僕たちがやりました,DISH//,2017-08-15,276040,71,3,1,0.506,0.113,0.769,0.0,0.0828,-5.326,0.0363,154.044,4,0.536
219,花に亡霊,盗作,ヨルシカ,2020-07-29,241226,62,4,1,0.646,0.573,0.45,0.0,0.0768,-6.628,0.0482,90.01,4,0.413
220,JET!!!,THE LOVE ROCKS,DREAMS COME TRUE,2006-01-01,296293,35,2,1,0.787,0.0122,0.812,0.0,0.0768,-5.027,0.038,119.625,4,0.529
221,助演男優賞,INDIES COMPLETE,Creepy Nuts,2018-07-25,239826,52,6,0,0.688,0.0355,0.904,0.0,0.415,-3.726,0.257,145.099,4,0.846
222,I'm Here,I'm Here,Daichi Miura,2020-01-15,237106,48,1,1,0.725,0.0961,0.537,0.0,0.0469,-5.67,0.0608,112.996,4,0.287
223,千両役者,千両役者,King Gnu,2020-12-02,180026,55,11,0,0.33,0.0112,0.948,0.0,0.375,-4.492,0.335,100.15,3,0.564
224,夏夜のマジック,藍色ミュージック,Indigo la End,2016-06-08,305640,58,2,0,0.465,0.222,0.818,0.0,0.216,-3.855,0.0385,80.024,4,0.669
225,今夜はブギー・バック,TRUE LOVERS,Miliyah,2012-11-21,355533,0,4,0,0.796,0.127,0.584,0.0,0.291,-6.783,0.0582,94.007,4,0.487
226,会いたいわ,life ep,iri,2017-11-22,268320,56,9,1,0.744,0.437,0.557,2.25e-06,0.0578,-4.776,0.0971,144.006,4,0.575
227,Dynamite,Dynamite (DayTime Version),BTS,2020-08-28,199053,76,6,0,0.746,0.0112,0.765,0.0,0.0936,-4.41,0.0993,114.044,4,0.737
228,Night Diver,Night Diver,三浦春馬,2020-08-26,203085,53,7,1,0.682,0.0354,0.862,0.0,0.341,-4.824,0.172,122.975,4,0.643
229,丸ノ内サディスティック,無罪モラトリアム,Sheena Ringo,1999-02-24,235866,61,8,1,0.425,0.113,0.916,0.000398,0.108,-2.909,0.118,199.694,4,0.659
230,In the Stars (feat. Kiiara),Eye of the Storm,ONE OK ROCK,2019-02-13,204013,52,0,1,0.597,0.446,0.785,0.0,0.0821,-4.115,0.0617,157.974,4,0.193
231,"Stand by me, Stand by you.","Stand by me, Stand by you.",HIRAIDAI,2020-09-09,193012,62,3,1,0.594,0.0892,0.568,0.0,0.0535,-5.423,0.0383,161.887,4,0.58
232,I CAN'T STOP ME,Eyes wide open,TWICE,2020-10-26,205493,62,10,0,0.657,0.121,0.88,0.0,0.463,-3.672,0.102,150.084,4,0.769
233,LOSER,BOOTLEG,Kenshi Yonezu,2017-11-01,243813,0,1,0,0.679,0.00466,0.931,0.0,0.0652,-3.74,0.0474,121.001,4,0.962
234,Laughter,Laughter,Official HIGE DANdism,2020-07-10,350299,57,4,1,0.396,0.023,0.801,0.0,0.138,-4.673,0.035,159.769,4,0.366
235,猫 ~THE FIRST TAKE ver.~,猫 ~THE FIRST TAKE ver.~,DISH//,2020-04-29,273233,3,8,1,0.641,0.564,0.576,0.0,0.114,-6.772,0.139,77.005,4,0.622
236,Party Starters,Party Starters,ARASHI,2020-10-30,183973,52,9,1,0.783,0.00333,0.887,0.0,0.341,-4.057,0.0482,124.937,4,0.8
237,再会 (produced by Ayase),再会 (produced by Ayase),LiSA,2020-11-16,242166,64,7,0,0.713,0.315,0.606,0.0,0.262,-5.718,0.0328,90.005,4,0.492
238,群青,群青,YOASOBI,2020-09-01,248444,69,10,1,0.719,0.321,0.87,0.0,0.187,-3.073,0.0472,134.979,4,0.732
239,「ぴえん」のうた,「ぴえん」のうた,Hari Supiko,2020-03-09,142115,38,0,1,0.832,0.199,0.643,0.25,0.18,-9.745,0.0371,118.993,4,0.866
240,Dreamin',RIPCREAM,MU-TON,2018-12-05,204000,0,1,1,0.81,0.266,0.962,0.0,0.152,-3.526,0.116,96.967,4,0.903
241,なんとかなる,なんとかなる,SAM,2020-11-16,238608,27,1,1,0.721,0.0314,0.873,1.56e-05,0.112,-6.0,0.233,97.036,4,0.445
242,音色 ~2019 Ver.~,成長の記録 ~全曲バンドで録り直し~,KREVA,2019-06-19,307853,32,7,1,0.397,0.476,0.87,3e-05,0.0723,-5.105,0.172,174.941,4,0.699
243,イッサイガッサイ ~2019 Ver.~,成長の記録 ~全曲バンドで録り直し~,KREVA,2019-06-19,227524,34,8,1,0.469,0.325,0.862,3.63e-06,0.163,-4.576,0.167,88.34,4,0.881
244,HALLOWEEN PARTY - プペル Ver.,HALLOWEEN PARTY (プペル Ver.),HYDE,2020-10-16,313243,29,10,0,0.506,0.0231,0.959,0.0,0.126,-5.532,0.064,112.073,4,0.35
245,夢追人 feat. KREVA,The Sofakingdom,PUNPEE,2020-07-01,197966,0,5,1,0.461,0.00104,0.839,0.0136,0.629,-3.25,0.321,177.735,4,0.479
246,丸の内サディスティック,Love & Groove Delivery,UNCHAIN,2013-03-27,243846,0,8,1,0.568,0.107,0.924,0.0,0.344,-3.824,0.0586,101.935,4,0.707
247,Come Away,Only One,iri,2018-08-29,231709,39,0,0,0.754,0.511,0.59,9.21e-05,0.16,-8.213,0.0439,98.013,4,0.833
248,Week End,YELLOW DANCER,Gen Hoshino,2015-12-02,270466,50,9,1,0.715,0.0426,0.762,6.67e-06,0.284,-6.9,0.0727,132.998,4,0.73
249,NEW ERA,Guess Who?,Nulbarich,2016-09-12,279000,45,11,0,0.614,0.043,0.759,0.0,0.121,-3.692,0.072,98.086,4,0.659
250,CHILDAYS,BLOOM iSLAND,BLOOM VASE,2020-07-21,190735,63,2,1,0.679,0.349,0.814,0.0,0.132,-2.459,0.0462,79.002,4,0.922
251,Hug feat. kojikoji (Fantasy club ver.),Fantasy club,空音,2019-12-18,185333,55,9,1,0.785,0.433,0.73,0.0,0.149,-4.099,0.0731,92.023,4,0.529
252,スマイル,スマイル,森七菜,2020-07-19,176800,58,1,0,0.784,0.15,0.743,0.0,0.295,-4.842,0.0303,123.986,4,0.886
253,魔法の絨毯,I believe in you,Takaya Kawasaki,2018-03-14,212018,53,10,0,0.599,0.774,0.309,0.0,0.122,-6.292,0.0507,72.285,4,0.584
254,きらきら,きらきら,もさを。,2020-09-07,180000,61,11,1,0.688,0.376,0.753,0.0,0.232,-3.681,0.0302,105.016,4,0.622
255,エメラルド,エメラルド,back number,2020-10-12,223240,61,1,0,0.553,0.000803,0.831,0.0,0.0953,-4.425,0.0651,130.879,4,0.47
256,Pop Corn,BLOOM iSLAND,BLOOM VASE,2020-07-21,157714,60,7,1,0.746,0.547,0.757,1.04e-06,0.094,-4.149,0.0414,87.509,4,0.712
257,セイカツ,セイカツ,おさるのうた,2020-10-08,175497,50,5,1,0.72,0.491,0.386,0.0,0.265,-8.273,0.0309,118.041,4,0.74
258,ポケットからきゅんです!,ポケットからきゅんです!,ひらめ,2020-08-28,199578,43,1,1,0.76,0.866,0.467,0.00259,0.149,-2.213,0.0371,89.975,5,0.679
259,クリームソーダとシャンデリア,バニラコテージ,mei,2020-06-01,222000,46,1,0,0.729,0.0623,0.831,0.0,0.254,-3.236,0.0357,125.036,4,0.823
260,食虫植物,食虫植物,理芽,2020-08-12,155517,51,6,1,0.807,0.18,0.514,5.08e-06,0.111,-4.047,0.0388,122.938,4,0.709
261,ハルカ,THE BOOK,YOASOBI,2021-01-06,243613,70,1,1,0.712,0.0717,0.817,7.21e-06,0.146,-5.123,0.0279,100.016,4,0.679
262,Universe,Universe,Official HIGE DANdism,2021-01-09,286099,58,1,1,0.493,0.227,0.907,1.7e-05,0.136,-4.911,0.19,185.959,4,0.596
263,怪物,怪物,YOASOBI,2021-01-06,206000,79,1,1,0.627,0.0699,0.824,6.57e-05,0.31,-3.419,0.118,169.935,4,0.774
264,I gotta go,I gotta go,GeG,2020-03-04,312972,54,3,1,0.494,0.642,0.566,0.0,0.342,-6.97,0.0308,148.01,4,0.353
265,不完全モノクローグ,不完全モノクローグ,Tomohisa Sako,2018-12-05,245533,0,5,0,0.36,0.00281,0.935,0.0,0.0917,-4.577,0.236,133.27,4,0.581
266,輪廻転生,不完全モノクローグ,Tomohisa Sako,2018-12-05,242746,0,6,0,0.485,2.66e-05,0.899,1.77e-05,0.132,-4.775,0.0453,97.512,4,0.392
267,秒針を噛む,秒針を噛む,ZUTOMAYO,2018-08-30,259053,52,1,0,0.645,0.0245,0.961,0.0,0.256,-3.227,0.07,129.9,4,0.606
268,トーキョーゲットー,おとぎ,Eve,2019-02-06,240323,42,11,0,0.692,0.00822,0.809,1.78e-06,0.315,-2.992,0.0502,140.026,4,0.868
269,ラストダンス,おとぎ,Eve,2019-02-06,240496,47,6,0,0.495,0.000826,0.837,0.0,0.0461,-2.703,0.0467,176.096,4,0.82
270,僕らまだアンダーグラウンド,おとぎ,Eve,2019-02-06,284338,43,2,1,0.611,0.0159,0.858,0.0,0.0714,-2.682,0.0657,148.063,4,0.642
271,ナンセンス文学,蒼,Eve,2018-03-07,205331,39,11,0,0.586,0.00249,0.917,0.0,0.0714,-4.549,0.0617,154.007,4,0.756
272,ドラマツルギー,文化,Eve,2017-12-20,238180,56,3,0,0.589,0.0188,0.901,0.0,0.159,-1.733,0.0876,149.05,4,0.702
273,あの娘シークレット,文化,Eve,2017-12-20,233151,47,6,0,0.499,0.00192,0.95,0.0,0.251,-1.643,0.0694,159.904,4,0.751
274,お気に召すまま,文化,Eve,2017-12-20,246712,50,1,0,0.607,0.0496,0.841,4.39e-05,0.0628,-1.704,0.0513,142.989,4,0.822
275,アスノヨゾラ哨戒班,彼はきっと魔法を使う。,MARY,2017-11-02,177000,58,9,1,0.447,0.131,0.845,0.0,0.318,-3.412,0.0967,185.07,4,0.347
276,妄想感傷代償連盟,GHOST,DECO*27,2016-09-28,270000,48,8,1,0.747,0.122,0.832,0.0,0.0796,-5.747,0.0318,109.991,4,0.82
277,雨とペトラ,Corridor,balloon,2017-08-12,219000,43,7,0,0.448,0.00501,0.934,0.0,0.342,-2.149,0.193,195.092,4,0.682
278,シャルル,O2O,Kuroneko,2017-10-11,229026,0,1,1,0.56,0.118,0.889,0.0,0.279,-2.962,0.125,145.123,4,0.711
279,からくりピエロ (feat. 洲崎綾),EXIT TUNES PRESENTS 半熟少女2,Various Artists,2015-02-04,248054,30,7,0,0.427,0.257,0.89,2.69e-05,0.276,-5.119,0.0584,203.715,4,0.775
280,セツナトリップ,ヒトコエ-42701340-,Piko,2013-02-20,244626,0,5,0,0.473,0.0281,0.963,2.32e-06,0.0884,-1.804,0.0988,145.066,4,0.603
281,太陽系デスコ,Boost!,Various Artists,2017-07-05,203413,28,1,0,0.538,0.0219,0.949,0.0,0.317,-3.037,0.0776,150.002,4,0.718
282,エイリアンエイリアン,Stand by Me!,Shake Me Stun Gun,2016-11-02,180920,23,7,1,0.485,0.016,0.919,0.0,0.177,-3.716,0.0705,151.982,4,0.668
283,天ノ弱,み ‐GLUTAMINE BEST‐(初回盤),Glutamine,2015-02-18,187500,30,9,1,0.538,0.0773,0.977,0.0,0.266,-1.771,0.107,100.666,4,0.536
284,敗北の少年,WILL,PENGUIN RESEARCH,2016-03-30,240240,0,8,1,0.387,0.00256,0.978,0.000584,0.0312,-3.857,0.122,185.037,4,0.543
285,弱虫モンブラン,CLiCK~夏だ!ハッピーハウスで歌ってみた~ プリンス盤,新社会人/Da-little/ゆう十,2013-08-07,284613,0,0,1,0.583,0.0786,0.992,3.53e-06,0.346,-4.74,0.0421,127.995,4,0.935
286,千本桜 duet with 梶裕貴 feat. Koma’n,utopia,Yuuto,2014-06-04,244973,24,8,0,0.532,0.00216,0.984,0.0,0.115,-2.841,0.0735,153.984,4,0.862
287,ゴーストルール,Crimson Stain,Kuroneko,2016-06-29,207306,0,6,1,0.54,0.00749,0.916,9.27e-06,0.517,-2.855,0.0709,104.985,4,0.587
288,ロストワンの号哭(カバー),EXIT TUNES PRESENTS FUN CLUB,Various Artists,2015-08-19,215026,29,7,1,0.347,0.0821,0.778,0.0,0.162,-4.61,0.0696,162.145,4,0.843
289,六兆年と一夜物語,ボカロ三昧,WagakkiBand,2014-04-23,235413,47,11,0,0.505,0.11,0.96,0.085,0.0787,-2.105,0.133,91.913,4,0.811
290,拝啓ドッペルゲンガー,Minstrel Code -ミンストレルコード-,Silvana,2018-02-21,259573,34,11,0,0.387,0.00133,0.994,5.65e-06,0.113,-4.687,0.351,181.066,4,0.221
291,リモコン feat.いかさん(カバー),ボクらの最終定理,IKASAN,2015-01-07,310000,9,5,1,0.564,0.00445,0.929,0.0,0.112,-2.733,0.0433,164.983,4,0.833
292,ホシアイ,軌唱伝結,ITOWOKASHI,2013-11-03,279636,25,2,1,0.373,0.0171,0.89,0.0,0.232,-2.716,0.0556,165.032,4,0.501
293,妄想スケッチ(カバー) feat.ゆとたみん(ゆう十×ぐるたみん),EXIT TUNES PRESENTS イケメンボイスパラダイス4 ジャケットイラスト:星た,Various Artists,2012-05-02,222500,7,0,0,0.513,0.0646,0.957,0.0,0.261,-2.225,0.0514,174.014,4,0.91
294,夜明けと蛍,amorous profumo,Kurokumo,2016-11-16,307524,39,7,1,0.693,0.122,0.485,1.41e-06,0.0664,-4.519,0.0333,80.006,4,0.83
295,だれかの心臓になれたなら,Kardia,ユリイ・カノン,2018-12-19,231724,52,8,0,0.526,0.135,0.927,0.0,0.356,-2.976,0.269,144.84,4,0.537
296,Hoodstar,Enter the Hypnosis Microphone,HYPNOSISMIC -D.R.B- (Division All Stars),2019-04-24,361894,41,4,1,0.698,0.126,0.941,0.0,0.264,-3.508,0.0883,109.992,4,0.64
297,Yokohama Walker,Enter the Hypnosis Microphone,HYPNOSISMIC -D.R.B- (Division All Stars),2019-04-24,249886,27,1,1,0.8,0.199,0.705,0.0,0.173,-4.613,0.218,97.995,4,0.589
298,ヒプノシスマイク -Division Battle Anthem-,Enter the Hypnosis Microphone,HYPNOSISMIC -D.R.B- (Division All Stars),2019-04-24,328794,34,0,1,0.594,0.00433,0.975,0.0,0.28,-3.571,0.106,127.991,4,0.828
299,DEATH RESPECT,MAD TRIGGER CREW VS 麻天狼,Hypnosis Mic -D.R.B.- (MAD TRIGGER CREW),2018-11-14,260655,38,1,1,0.7,0.0564,0.911,0.0,0.0786,-3.353,0.134,111.086,4,0.737
300,ベイサイド・スモーキングブルース,BAYSIDE M.T.C,Hypnosis Mic -D.R.B.- (MAD TRIGGER CREW),2017-11-15,198524,39,0,0,0.673,0.162,0.93,0.0,0.0872,-2.742,0.321,162.112,4,0.793
301,モザイクロール(カバー),そらあい ジャケットイラストレーター:MACCO,Soraru,2012-06-06,182400,19,2,1,0.436,0.00167,0.919,7.1e-06,0.311,-3.331,0.0956,144.93,4,0.757
302,ブリキノダンス,嘘の火花 (Special Edition),Kuroneko,2017-03-08,199706,0,5,0,0.526,0.0279,0.845,8.94e-05,0.142,-1.939,0.0381,171.859,4,0.937
303,オレンジ,O2O,Kuroneko,2017-10-11,244200,0,7,1,0.461,0.0281,0.87,0.012,0.111,-2.934,0.0452,89.944,4,0.42
304,ツギハギスタッカート,ツギハギスタッカート,toa,2014-08-22,250359,54,7,1,0.898,0.555,0.777,0.0,0.312,-7.245,0.0566,138.987,4,0.934
305,DAYBREAK FRONTLINE,彼はきっと魔法を使う。,MARY,2017-11-02,216000,59,0,1,0.628,0.543,0.928,6.81e-06,0.152,-2.421,0.0452,136.014,4,0.545
306,フラジール,plotoplan,ぬゆり,2017-12-29,270236,47,5,0,0.651,0.0641,0.857,0.0,0.393,-6.184,0.0726,127.007,4,0.923
307,命ばっかり,plotoplan,ぬゆり,2017-12-29,252187,45,4,0,0.624,0.00805,0.958,0.0,0.305,-4.959,0.0496,127.988,4,0.967
308,Kagerou Days,MEKAKUCITYDAYS,Jin,2012-05-30,234733,49,11,0,0.585,0.000838,0.918,0.0893,0.166,-3.132,0.0482,99.986,4,0.966
309,Kuusou Forest,MEKAKUCITYDAYS,Jin,2012-05-30,257973,35,1,1,0.523,0.116,0.839,0.175,0.124,-4.956,0.0379,180.037,4,0.784
310,Children Record,Mekakucity M's 2 ~Mekakucity Actors Vocal & Sound Collection~,Jin,2015-06-03,189164,37,6,0,0.588,0.0039,0.96,5.8e-05,0.313,-2.944,0.0623,101.03,4,0.883
311,立ち入り禁止,明日色ワールドエンド,Mafumafu,2017-10-18,217200,38,2,0,0.517,0.0294,0.93,9.62e-06,0.247,-2.117,0.115,159.956,4,0.689
312,マトリョシカ,みんなみくみくにしてあげる♪~Heartsnative2~,鶴田加茂&MOSAIC.TUNE feat.初音ミク,2012-11-07,211600,30,11,0,0.651,0.0883,0.992,5.57e-05,0.181,-0.032,0.0653,104.016,4,0.962
313,ハッピーシンセサイザ,みんなみくみくにしてあげる♪~Heartsnative2~,鶴田加茂&MOSAIC.TUNE feat.初音ミク,2012-11-07,331733,13,0,1,0.644,0.0757,0.903,0.0,0.204,-0.07,0.038,102.929,4,0.763
314,イカサマライフゲイム,みんなみくみくにしてあげる♪~Heartsnative2~,鶴田加茂&MOSAIC.TUNE feat.初音ミク,2012-11-07,250066,3,2,0,0.582,0.204,0.991,8.06e-06,0.875,0.225,0.101,99.974,4,0.531
315,シュガーソングとビターステップ,UNISON SQUARE GARDEN The 1st Collection for streaming,UNISON SQUARE GARDEN,2019-10-11,253226,58,6,1,0.626,0.00369,0.89,0.0,0.0839,-3.285,0.0536,131.997,4,0.849
316,ピースサイン (僕のヒーローアカデミア),熱烈!アニソン魂 ULTIMATEカバーシリーズ2018 JAPAN ANIMESONG COLLECTION mini vol.8,Various Artists,2018-10-11,237900,30,8,1,0.56,0.0149,0.933,0.0,0.19,-0.883,0.0308,99.973,4,0.671
317,ガムシャラ,ガムシャラ,みゆな,2018-10-02,197881,59,10,0,0.386,0.000402,0.832,0.0114,0.058,-4.484,0.0606,185.087,4,0.605
318,天上天下,天上天下,みゆな,2018-11-13,195973,49,7,1,0.751,0.00106,0.855,0.00212,0.231,-5.031,0.061,127.968,4,0.864
319,JUSTadICE,JUSTadICE,Seiko Oomori,2019-04-05,232338,60,0,1,0.404,0.00139,0.988,0.00419,0.125,-1.756,0.193,185.051,4,0.38
320,ロキ,DAISAN WAVE,Mikito P,2018-11-18,230400,62,11,0,0.545,0.000843,0.985,1.38e-05,0.323,-3.106,0.1,149.983,4,0.703
321,命に嫌われている。,rootage/α,+α/あるふぁきゅん。,2018-08-15,274000,47,0,1,0.508,0.0151,0.805,0.00156,0.0995,-7.484,0.0485,200.078,4,0.61
322,デリヘル呼んだら君が来た,Jumble,Various Artists,2018-02-07,249160,42,9,0,0.588,0.003,0.919,0.0,0.199,-2.481,0.0424,95.019,4,0.756
323,グランドエスケープ (Movie edit) feat.三浦透子 映画『天気の子』主題歌(バック演奏編),グランドエスケープ (Movie edit) feat.三浦透子 映画『天気の子』主題歌(バック演奏編),Crimson Craftsman,2019-10-02,187808,13,4,1,0.519,0.228,0.49,0.828,0.179,-12.472,0.038,146.037,4,0.572
324,愛にできることはまだあるかい,愛にできることはまだあるかい,Raon Lee,2019-11-04,410831,0,0,1,0.609,0.322,0.475,0.0,0.383,-7.828,0.0338,141.921,4,0.218
325,乙女解剖,アンドロイドガール,DECO*27,2019-05-22,223400,55,6,0,0.647,0.00186,0.895,0.00846,0.309,-4.436,0.0359,134.008,4,0.82
326,ヒバナ -Reloaded-,アンドロイドガール,DECO*27,2019-05-22,206440,56,10,0,0.588,0.00833,0.936,2.29e-05,0.108,-3.82,0.0748,99.967,4,0.72
327,アンドロイドガール,アンドロイドガール,DECO*27,2019-05-22,210653,46,1,1,0.432,0.0147,0.913,3.83e-06,0.354,-4.241,0.107,191.821,4,0.642
328,愛言葉III,アンドロイドガール,DECO*27,2019-05-22,246333,45,9,1,0.561,0.0326,0.896,0.0,0.285,-4.065,0.0409,137.004,4,0.712
329,リバーシブル・キャンペーン,GHOST,DECO*27,2016-09-28,177000,38,4,0,0.575,0.0125,0.913,0.0,0.297,-4.54,0.0564,94.973,4,0.445
330,おじゃま虫,Conti New,DECO*27,2014-03-26,216346,41,4,1,0.608,0.00547,0.905,0.0,0.0951,-3.842,0.0434,143.017,4,0.961
331,妄想税,Conti New,DECO*27,2014-03-26,216538,41,1,1,0.771,0.11,0.622,1.02e-06,0.0543,-4.027,0.0586,133.988,4,0.869
332,花瓶に触れた,Marble,balloon,2016-04-30,221132,35,5,0,0.595,0.167,0.942,2.57e-05,0.136,-2.698,0.267,128.045,4,0.677
333,ノイズ,ノイズ,in NO hurry to shout;,2017-06-21,272720,14,2,1,0.192,1.68e-05,0.945,0.00419,0.347,-2.429,0.0571,172.561,4,0.222
334,カナリヤ [ANIME SIDE],カナリヤ [ANIME SIDE],in NO hurry to shout;,2017-05-17,279106,15,4,0,0.297,6.67e-05,0.977,2.56e-05,0.116,-1.903,0.0593,92.404,4,0.208
335,ハイスクール [ANIME SIDE] -Alternative-,ハイスクール [ANIME SIDE] -Alternative-,in NO hurry to shout;,2017-05-10,249493,15,7,1,0.408,0.00125,0.944,0.0,0.32,-2.676,0.0659,89.863,4,0.345
336,劣等上等 feat. 鏡音リン・レン,劣等上等 feat. 鏡音リン・レン,Giga,2018-08-22,235096,0,6,0,0.554,0.00224,0.966,0.00137,0.355,-1.673,0.249,159.943,4,0.705
337,ダンスロボットダンス,ナユタン星からの物体Y,Nayutalien,2016-12-31,191052,45,2,1,0.64,0.0305,0.957,0.0,0.0266,-1.038,0.102,95.01,4,0.548
338,東京テディベア -初音ミク「マジカルミライ 2014」Live-,初音ミク「マジカルミライ 2014」 [Live],Various Artists,2015-02-25,195946,45,5,1,0.525,0.0877,0.978,0.000774,0.844,-1.636,0.067,102.071,4,0.505
339,人生リセットボタン,人生リセットボタン,Kemu,2012-06-26,228805,40,2,1,0.453,0.005,0.967,0.0111,0.205,-3.391,0.0966,99.921,4,0.469
340,裏表ラバーズ -MIKUNOPOLIS in LOS ANGELES Live-,MIKUNOPOLIS in LOS ANGELES “はじめまして、初音ミクです”,Various Artists,2011,154480,47,4,0,0.412,0.048,0.992,0.00291,0.868,-4.852,0.385,159.012,4,0.395
341,脳漿炸裂ガール 2015ver.,厨病激発ボーイ,rerulili,2015-12-16,192440,0,8,1,0.427,0.0404,0.966,0.0,0.348,-3.091,0.134,154.961,4,0.675
342,厨病激発ボーイ,厨病激発ボーイ,rerulili,2015-12-16,206493,0,10,0,0.441,0.00386,0.922,0.0,0.356,-2.038,0.0755,94.878,4,0.581
343,聖槍爆裂ボーイ,Kagaminext feat. 鏡音リン、鏡音レン ―10th ANNIVERSARY BEST―,EXIT TUNES/PONY CANYON,2018-01-17,206186,45,7,1,0.46,0.0385,0.962,0.0,0.366,-3.32,0.166,154.899,4,0.464
344,右肩の蝶,Kagaminext feat. 鏡音リン、鏡音レン ―10th ANNIVERSARY BEST―,EXIT TUNES/PONY CANYON,2018-01-17,263640,51,4,0,0.566,0.0149,0.999,0.144,0.282,-2.723,0.0693,139.974,4,0.96
345,ハウトゥー世界征服,Kagaminext feat. 鏡音リン、鏡音レン ―10th ANNIVERSARY BEST―,EXIT TUNES/PONY CANYON,2018-01-17,213266,40,11,0,0.591,0.109,0.918,1.05e-06,0.091,-2.536,0.0999,151.058,4,0.549
346,メランコリック,Kagaminext feat. 鏡音リン、鏡音レン ―10th ANNIVERSARY BEST―,EXIT TUNES/PONY CANYON,2018-01-17,217880,45,5,1,0.473,0.0148,0.909,0.000119,0.402,-2.348,0.0461,139.987,3,0.684
347,メルト -MIKU EXPO 2014 in INDONESIA Live-,HATSUNE MIKU EXPO 2014 IN INDONESIA [Live],Various Artists,2014-10-06,284422,45,2,1,0.288,0.0026,0.982,0.00729,0.965,-2.384,0.0721,170.094,4,0.319
348,パンダヒーロー(カバー) feat.赤飯,EXIT TUNES PRESENTS SEKIHAN the GOLD (feat. 赤飯),Sekihan,2011-08-03,222520,21,6,0,0.543,0.148,0.977,0.0,0.558,-1.444,0.0796,95.036,4,0.801
349,金曜日のおはよう -another story-,僕じゃダメですか?~「告白実行委員会」キャラクターソング集~,HoneyWorks,2014-11-26,239733,0,3,1,0.577,0.0114,0.878,0.0,0.0588,-3.656,0.0311,150.043,4,0.898
350,可愛くなりたい feat.成海聖奈(CV:雨宮天),何度だって、好き。~告白実行委員会~,HoneyWorks,2017-02-22,253120,0,4,1,0.637,0.119,0.931,0.0,0.225,-3.094,0.0488,110.021,4,0.87
351,日曜日の秘密 feat.濱中翠・成海聖奈(CV:Gero・雨宮天),何度だって、好き。~告白実行委員会~,HoneyWorks,2017-02-22,304080,0,5,1,0.573,0.00922,0.907,0.0,0.274,-4.069,0.0329,140.065,4,0.891
352,世界は恋に落ちている,世界は恋に落ちている,CHiCO with HoneyWorks,2014-08-06,311293,0,7,1,0.659,0.0557,0.911,0.0,0.112,-4.418,0.0516,129.988,4,0.527
353,ラブホイッスル,ツインズ,CHiCO with HoneyWorks,2017-07-28,224706,0,1,1,0.587,0.0216,0.855,0.0,0.342,-2.754,0.0577,144.871,4,0.366
354,イノコリ先生,私を染めるiの歌,CHiCO with HoneyWorks,2018-02-28,301893,0,6,0,0.539,0.117,0.948,0.0,0.0532,-1.291,0.26,162.044,4,0.432
355,夜もすがら君想ふ,ぼくの魔法使い,TOKOTOKO,2014-08-14,240810,43,3,1,0.582,0.0259,0.953,0.0,0.169,-2.659,0.051,148.084,4,0.641
356,いかないで,少年少女のコトバ,想太,2013-07-07,192879,37,9,0,0.526,0.000239,0.894,3.75e-05,0.0849,-4.068,0.03,95.481,4,0.933
357,帝国少女,帝国少女,R Sound Design,2017-06-28,254237,45,4,1,0.603,0.0739,0.87,3.28e-06,0.0562,-2.248,0.0367,117.994,4,0.684
358,え?あぁ、そう。,EXIT TUNES ACADEMY BEST 3,Various Artists,2014-01-01,207108,36,10,1,0.491,0.0977,0.961,0.0,0.111,-1.867,0.0515,191.927,4,0.888
359,再教育 feat.ぐるたみん (カバー),EXIT TUNES ACADEMY BEST 3,Various Artists,2014-01-01,229630,3,7,1,0.531,0.362,0.66,0.0,0.0749,-4.948,0.051,77.305,4,0.938
360,地球最後の告白を feat.GUMI,EXIT TUNES PRESENTS GUMing from Megpoid,Various Artists,2012-09-05,265200,42,5,1,0.52,0.0117,0.965,0.0,0.185,-1.939,0.0914,95.026,4,0.283
361,独りんぼエンヴィー feat.luz(カバー),tWoluz,luz,2014-10-01,201946,37,8,1,0.653,0.215,0.661,0.0,0.139,-3.769,0.0406,131.945,4,0.702
362,灰色と青 (+菅田将暉) - 米津玄師,00's J-POP Vol.178,J-Pop J研,2016-03-01,34943,0,4,1,0.145,0.0298,0.37,0.954,0.119,-11.246,0.0364,160.265,3,0.618
363,ウミユリ海底譚,花と水飴、最終電車,n-buna,2015-07-22,236068,50,0,0,0.6,0.166,0.966,2.02e-06,0.324,-3.228,0.0431,120.008,4,0.965
364,嗚呼、素晴らしきニャン生,モラトリウム,Nem's Garden,2011-06-15,222783,15,6,1,0.55,0.016,0.832,0.0,0.325,-4.842,0.031,97.057,4,0.869
365,神のまにまに,Ring Dong,Dancing Dolls,2013-11-13,257906,0,8,1,0.746,0.0332,0.895,0.0,0.0409,-2.507,0.0595,134.964,4,0.779
366,シリョクケンサ (feat.GUMI),シリョクケンサ (feat.GUMI),40mP,2013-11-27,272000,0,5,0,0.598,0.00933,0.938,1.2e-05,0.0926,-4.342,0.0462,134.99,4,0.729
367,レディーレ,Corridor,balloon,2017-08-12,235000,28,0,1,0.7,0.0689,0.903,3.79e-06,0.0551,-4.139,0.0738,130.025,4,0.557
368,深海少女 -初音ミク「マジカルミライ 2014」Live-,初音ミク「マジカルミライ 2014」 [Live],Various Artists,2015-02-25,238390,41,2,1,0.537,0.161,0.925,2.72e-06,0.687,-4.122,0.0487,137.021,4,0.42
369,ハロ/ハワユ,rye,Kano,2018-12-19,298048,50,4,1,0.754,0.945,0.289,0.00162,0.094,-10.805,0.0364,91.992,4,0.492
370,失敗作少女,IMITATION GALLERY,Kairiki Bear,2015-03-04,197973,42,11,0,0.621,0.039,0.979,0.00568,0.345,-4.884,0.16,119.996,4,0.645
371,天樂,Kagaminext feat. 鏡音リン、鏡音レン ―10th ANNIVERSARY BEST―,EXIT TUNES/PONY CANYON,2018-01-17,274266,38,11,0,0.571,0.00108,0.971,0.0724,0.124,-1.303,0.0791,115.992,4,0.547
372,おおかみは赤ずきんに恋をした,If the World,Hitoshizuku and Yama,2013-10-16,206800,29,2,1,0.554,0.00498,0.922,0.000654,0.276,-2.967,0.0433,95.972,4,0.89
373,残響,ⅠⅥⅣ,164,2018-12-05,204320,30,11,1,0.568,0.00127,0.962,5.07e-06,0.396,-5.501,0.147,139.873,4,0.488
374,ローリンガール,EXIT TUNES PRESENTS Supernova(スーパーノヴァ)2 ジャケットイラスト:redjuice,Various Artists,2010-03-03,194000,44,0,0,0.498,0.00466,0.848,0.0,0.0753,-3.091,0.038,97.516,4,0.319
375,おこちゃま戦争,Download feat.初音ミク,ヴァリアス,2014-12-10,213213,36,7,1,0.517,0.00685,0.705,0.00247,0.0345,-5.446,0.261,175.02,4,0.541
376,チルドレンレコード,冥土ノ土産,SymaG,2016-06-22,184693,33,4,0,0.511,0.0161,0.976,0.0,0.333,-3.326,0.144,104.959,4,0.558
377,ワガママで誤魔化さないで,ワガママで誤魔化さないで,THE ORAL CIGARETTES,2019-01-08,257270,32,7,0,0.498,0.00937,0.97,1.3e-05,0.122,-2.188,0.0702,141.903,4,0.657
378,FLY HIGH!!,檸檬,BURNOUT SYNDROMES,2016-11-09,244493,0,11,1,0.475,0.0132,0.961,0.0,0.331,-1.434,0.0705,94.466,4,0.355
379,Touch You,アニメ『ヤリチン☆ビッチ部』主題歌「Touch You」,私立モリモーリ学園 性春▽男子s,2018-08-15,206180,69,8,0,0.603,0.00655,0.964,3.04e-06,0.143,-2.886,0.0487,135.028,4,0.796
380,Touch You - 田村ver.,アニメ『ヤリチン☆ビッチ部』主題歌「Touch You」,私立モリモーリ学園 性春▽男子s,2018-08-15,93886,38,6,0,0.64,0.0387,0.963,0.0,0.312,-2.732,0.0736,134.954,4,0.783
381,アウトサイダー,おとぎ,Eve,2019-02-06,207647,50,6,0,0.526,0.017,0.885,0.0,0.146,-2.189,0.0654,171.927,4,0.848
382,東京テディベア,ERENA,Erena Ono,2012-10-03,192426,16,5,1,0.554,0.00746,0.926,0.0,0.0591,-3.394,0.0607,102.012,4,0.558
383,小さな恋のうた - cover ver.,DiVE!! (初回限定盤),Amatsuki,2016-12-14,276499,44,1,1,0.567,0.279,0.846,0.0,0.0811,-3.6,0.035,109.02,4,0.378
384,ギガンティックO.T.N,+α/,+α/あるふぁきゅん。,2014-12-17,201453,32,1,1,0.616,0.0657,0.969,0.0,0.328,-0.335,0.251,95.217,4,0.692
385,右に曲ガール(カバー),水奏レグルス,Sou,2015-12-02,238173,30,2,1,0.543,0.0292,0.933,2.89e-06,0.277,-5.706,0.498,175.061,4,0.494
386,Gangsta's Paradise,MAD TRIGGER CREW -Before The 2nd D.R.B-,Hypnosis Mic -D.R.B.- (MAD TRIGGER CREW),2020-01-29,183358,42,11,0,0.473,0.0372,0.668,0.0,0.209,-7.154,0.0951,174.934,4,0.437
387,Uncrushable,MAD TRIGGER CREW -Before The 2nd D.R.B-,Hypnosis Mic -D.R.B.- (MAD TRIGGER CREW),2020-01-29,189724,39,5,1,0.72,0.0238,0.768,0.0,0.275,-6.601,0.168,104.013,4,0.474
388,2DIE4,MAD TRIGGER CREW -Before The 2nd D.R.B-,Hypnosis Mic -D.R.B.- (MAD TRIGGER CREW),2020-01-29,177750,38,2,1,0.757,0.358,0.758,0.0,0.0729,-8.156,0.315,163.902,4,0.529
389,Drama Track「All in the same boat」,MAD TRIGGER CREW -Before The 2nd D.R.B-,Hypnosis Mic -D.R.B.- (MAD TRIGGER CREW),2020-01-29,2187070,20,2,1,0.624,0.429,0.383,0.0,0.282,-13.417,0.814,91.083,4,0.259
390,白日,CEREMONY,King Gnu,2020-01-15,276373,2,1,1,0.599,0.562,0.891,0.0,0.322,-3.242,0.116,93.029,4,0.694
391,スクランブル交際,アンドロイドガール,DECO*27,2019-05-22,183213,43,1,1,0.613,0.0114,0.878,0.0,0.0774,-4.882,0.0469,149.992,4,0.95
392,bad guy,"WHEN WE ALL FALL ASLEEP, WHERE DO WE GO?",Billie Eilish,2019-03-29,194087,85,7,1,0.701,0.328,0.425,0.13,0.1,-10.965,0.375,135.128,4,0.562
393,+♂(プラスダンシ),松下が二次元に恋する15の理由(通常盤),Matsushita,2015-01-21,216500,34,10,0,0.603,0.0862,0.977,0.0,0.226,-1.802,0.353,180.114,4,0.614
